"INFORMATION TYPE","DATE","PERIOD","PRICE ($/MWh)","DEMAND (MW)"
"USEP","01 Feb 2013","1","131.00","4634.083"
"USEP","01 Feb 2013","2","130.98","4541.929"
"USEP","01 Feb 2013","3","130.97","4482.398"
"USEP","01 Feb 2013","4","129.08","4422.505"
"USEP","01 Feb 2013","5","128.38","4366.776"
"USEP","01 Feb 2013","6","122.79","4313.299"
"USEP","01 Feb 2013","7","120.30","4279.349"
"USEP","01 Feb 2013","8","119.83","4251.785"
"USEP","01 Feb 2013","9","116.21","4241.304"
"USEP","01 Feb 2013","10","120.31","4258.694"
"USEP","01 Feb 2013","11","120.83","4334.421"
"USEP","01 Feb 2013","12","130.98","4511.185"
"USEP","01 Feb 2013","13","140.09","4683.683"
"USEP","01 Feb 2013","14","142.95","4798.142"
"USEP","01 Feb 2013","15","145.84","4938.853"
"USEP","01 Feb 2013","16","142.95","5165.048"
"USEP","01 Feb 2013","17","151.46","5441.668"
"USEP","01 Feb 2013","18","151.48","5660.010"
"USEP","01 Feb 2013","19","161.12","5784.394"
"USEP","01 Feb 2013","20","161.60","5889.410"
"USEP","01 Feb 2013","21","166.21","5976.410"
"USEP","01 Feb 2013","22","167.21","6031.170"
"USEP","01 Feb 2013","23","161.58","6042.591"
"USEP","01 Feb 2013","24","161.58","6000.763"
"USEP","01 Feb 2013","25","159.12","5972.742"
"USEP","01 Feb 2013","26","161.59","6000.236"
"USEP","01 Feb 2013","27","161.58","6044.688"
"USEP","01 Feb 2013","28","169.20","6087.833"
"USEP","01 Feb 2013","29","169.22","6108.115"
"USEP","01 Feb 2013","30","169.21","6100.849"
"USEP","01 Feb 2013","31","170.53","6108.274"
"USEP","01 Feb 2013","32","171.70","6120.794"
"USEP","01 Feb 2013","33","169.19","6099.144"
"USEP","01 Feb 2013","34","161.59","6017.731"
"USEP","01 Feb 2013","35","157.30","5921.641"
"USEP","01 Feb 2013","36","155.91","5797.147"
"USEP","01 Feb 2013","37","152.01","5675.884"
"USEP","01 Feb 2013","38","156.11","5641.074"
"USEP","01 Feb 2013","39","156.09","5632.327"
"USEP","01 Feb 2013","40","154.09","5608.799"
"USEP","01 Feb 2013","41","151.48","5547.688"
"USEP","01 Feb 2013","42","157.32","5480.011"
"USEP","01 Feb 2013","43","157.06","5394.746"
"USEP","01 Feb 2013","44","151.87","5273.722"
"USEP","01 Feb 2013","45","147.33","5134.075"
"USEP","01 Feb 2013","46","134.99","5002.857"
"USEP","01 Feb 2013","47","131.03","4890.868"
"USEP","01 Feb 2013","48","131.03","4780.921"
"USEP","02 Feb 2013","1","142.47","4664.678"
"USEP","02 Feb 2013","2","143.02","4585.675"
"USEP","02 Feb 2013","3","142.87","4520.553"
"USEP","02 Feb 2013","4","140.20","4426.327"
"USEP","02 Feb 2013","5","142.45","4358.705"
"USEP","02 Feb 2013","6","142.37","4304.989"
"USEP","02 Feb 2013","7","140.00","4259.121"
"USEP","02 Feb 2013","8","139.99","4218.745"
"USEP","02 Feb 2013","9","140.04","4204.545"
"USEP","02 Feb 2013","10","140.04","4211.707"
"USEP","02 Feb 2013","11","140.01","4244.862"
"USEP","02 Feb 2013","12","140.02","4333.259"
"USEP","02 Feb 2013","13","140.04","4417.470"
"USEP","02 Feb 2013","14","140.18","4451.694"
"USEP","02 Feb 2013","15","140.18","4509.341"
"USEP","02 Feb 2013","16","143.11","4678.430"
"USEP","02 Feb 2013","17","142.82","4885.704"
"USEP","02 Feb 2013","18","143.49","5053.645"
"USEP","02 Feb 2013","19","153.90","5196.582"
"USEP","02 Feb 2013","20","158.06","5312.622"
"USEP","02 Feb 2013","21","161.55","5411.609"
"USEP","02 Feb 2013","22","165.13","5451.598"
"USEP","02 Feb 2013","23","165.13","5449.978"
"USEP","02 Feb 2013","24","161.07","5411.271"
"USEP","02 Feb 2013","25","160.05","5377.346"
"USEP","02 Feb 2013","26","158.05","5348.316"
"USEP","02 Feb 2013","27","157.39","5327.184"
"USEP","02 Feb 2013","28","156.01","5313.581"
"USEP","02 Feb 2013","29","155.00","5294.869"
"USEP","02 Feb 2013","30","153.88","5268.528"
"USEP","02 Feb 2013","31","150.96","5247.147"
"USEP","02 Feb 2013","32","150.96","5235.105"
"USEP","02 Feb 2013","33","143.30","5221.437"
"USEP","02 Feb 2013","34","143.30","5188.441"
"USEP","02 Feb 2013","35","143.30","5150.058"
"USEP","02 Feb 2013","36","143.29","5102.232"
"USEP","02 Feb 2013","37","143.30","5095.840"
"USEP","02 Feb 2013","38","143.31","5130.287"
"USEP","02 Feb 2013","39","152.98","5196.374"
"USEP","02 Feb 2013","40","153.92","5222.963"
"USEP","02 Feb 2013","41","153.01","5206.761"
"USEP","02 Feb 2013","42","153.01","5198.893"
"USEP","02 Feb 2013","43","153.00","5167.796"
"USEP","02 Feb 2013","44","143.33","5081.537"
"USEP","02 Feb 2013","45","140.26","4969.761"
"USEP","02 Feb 2013","46","140.11","4875.242"
"USEP","02 Feb 2013","47","140.08","4783.789"
"USEP","02 Feb 2013","48","143.34","4715.576"
"USEP","03 Feb 2013","1","150.57","4636.702"
"USEP","03 Feb 2013","2","141.21","4540.100"
"USEP","03 Feb 2013","3","130.98","4443.294"
"USEP","03 Feb 2013","4","130.96","4361.185"
"USEP","03 Feb 2013","5","127.93","4303.180"
"USEP","03 Feb 2013","6","123.14","4241.726"
"USEP","03 Feb 2013","7","120.84","4214.987"
"USEP","03 Feb 2013","8","120.77","4183.890"
"USEP","03 Feb 2013","9","120.35","4164.631"
"USEP","03 Feb 2013","10","120.29","4159.264"
"USEP","03 Feb 2013","11","120.36","4173.408"
"USEP","03 Feb 2013","12","121.71","4232.179"
"USEP","03 Feb 2013","13","124.73","4288.643"
"USEP","03 Feb 2013","14","126.16","4288.916"
"USEP","03 Feb 2013","15","126.15","4287.530"
"USEP","03 Feb 2013","16","129.08","4383.694"
"USEP","03 Feb 2013","17","131.15","4533.947"
"USEP","03 Feb 2013","18","141.26","4659.166"
"USEP","03 Feb 2013","19","147.32","4755.112"
"USEP","03 Feb 2013","20","151.36","4845.790"
"USEP","03 Feb 2013","21","147.31","4915.007"
"USEP","03 Feb 2013","22","150.94","4964.031"
"USEP","03 Feb 2013","23","147.30","4943.316"
"USEP","03 Feb 2013","24","147.28","4929.415"
"USEP","03 Feb 2013","25","147.17","4897.796"
"USEP","03 Feb 2013","26","147.14","4891.414"
"USEP","03 Feb 2013","27","147.29","4905.773"
"USEP","03 Feb 2013","28","147.29","4918.690"
"USEP","03 Feb 2013","29","147.29","4917.929"
"USEP","03 Feb 2013","30","141.23","4889.372"
"USEP","03 Feb 2013","31","141.25","4877.603"
"USEP","03 Feb 2013","32","141.23","4864.378"
"USEP","03 Feb 2013","33","131.12","4811.969"
"USEP","03 Feb 2013","34","131.13","4810.627"
"USEP","03 Feb 2013","35","131.13","4798.326"
"USEP","03 Feb 2013","36","131.14","4810.955"
"USEP","03 Feb 2013","37","141.25","4855.869"
"USEP","03 Feb 2013","38","147.36","4953.912"
"USEP","03 Feb 2013","39","154.93","5065.767"
"USEP","03 Feb 2013","40","158.11","5100.547"
"USEP","03 Feb 2013","41","158.81","5124.607"
"USEP","03 Feb 2013","42","158.81","5117.947"
"USEP","03 Feb 2013","43","158.12","5091.447"
"USEP","03 Feb 2013","44","153.93","5024.526"
"USEP","03 Feb 2013","45","147.35","4902.448"
"USEP","03 Feb 2013","46","131.37","4795.518"
"USEP","03 Feb 2013","47","142.02","4685.661"
"USEP","03 Feb 2013","48","131.15","4561.004"
"USEP","04 Feb 2013","1","126.05","4446.246"
"USEP","04 Feb 2013","2","126.06","4345.331"
"USEP","04 Feb 2013","3","125.46","4278.564"
"USEP","04 Feb 2013","4","109.64","4214.659"
"USEP","04 Feb 2013","5","109.44","4159.060"
"USEP","04 Feb 2013","6","109.68","4128.122"
"USEP","04 Feb 2013","7","108.64","4101.632"
"USEP","04 Feb 2013","8","0.02","4063.780"
"USEP","04 Feb 2013","9","0.02","4083.953"
"USEP","04 Feb 2013","10","108.58","4114.325"
"USEP","04 Feb 2013","11","109.62","4211.876"
"USEP","04 Feb 2013","12","125.65","4395.751"
"USEP","04 Feb 2013","13","130.96","4584.552"
"USEP","04 Feb 2013","14","131.24","4739.238"
"USEP","04 Feb 2013","15","140.31","4916.269"
"USEP","04 Feb 2013","16","140.30","5173.899"
"USEP","04 Feb 2013","17","151.45","5451.921"
"USEP","04 Feb 2013","18","151.47","5671.456"
"USEP","04 Feb 2013","19","156.11","5790.622"
"USEP","04 Feb 2013","20","161.09","5898.530"
"USEP","04 Feb 2013","21","161.60","5955.775"
"USEP","04 Feb 2013","22","161.58","5980.883"
"USEP","04 Feb 2013","23","161.06","5971.659"
"USEP","04 Feb 2013","24","156.07","5930.741"
"USEP","04 Feb 2013","25","154.06","5904.400"
"USEP","04 Feb 2013","26","151.47","5938.166"
"USEP","04 Feb 2013","27","157.33","5983.840"
"USEP","04 Feb 2013","28","161.58","6004.123"
"USEP","04 Feb 2013","29","161.59","6015.449"
"USEP","04 Feb 2013","30","161.59","6015.251"
"USEP","04 Feb 2013","31","164.15","6036.259"
"USEP","04 Feb 2013","32","161.58","6030.861"
"USEP","04 Feb 2013","33","161.57","6033.575"
"USEP","04 Feb 2013","34","157.34","6010.499"
"USEP","04 Feb 2013","35","151.47","5910.423"
"USEP","04 Feb 2013","36","147.39","5744.157"
"USEP","04 Feb 2013","37","146.05","5628.873"
"USEP","04 Feb 2013","38","147.43","5632.730"
"USEP","04 Feb 2013","39","147.41","5638.833"
"USEP","04 Feb 2013","40","147.41","5616.905"
"USEP","04 Feb 2013","41","147.39","5590.813"
"USEP","04 Feb 2013","42","151.43","5528.116"
"USEP","04 Feb 2013","43","151.43","5433.726"
"USEP","04 Feb 2013","44","147.38","5301.897"
"USEP","04 Feb 2013","45","143.82","5164.894"
"USEP","04 Feb 2013","46","143.28","5014.929"
"USEP","04 Feb 2013","47","131.03","4850.685"
"USEP","04 Feb 2013","48","130.79","4718.672"
"USEP","05 Feb 2013","1","138.01","4585.406"
"USEP","05 Feb 2013","2","138.07","4489.222"
"USEP","05 Feb 2013","3","137.97","4421.103"
"USEP","05 Feb 2013","4","127.83","4358.203"
"USEP","05 Feb 2013","5","120.80","4301.431"
"USEP","05 Feb 2013","6","128.65","4265.562"
"USEP","05 Feb 2013","7","128.02","4227.214"
"USEP","05 Feb 2013","8","120.56","4202.284"
"USEP","05 Feb 2013","9","120.36","4197.702"
"USEP","05 Feb 2013","10","120.80","4217.999"
"USEP","05 Feb 2013","11","123.61","4303.926"
"USEP","05 Feb 2013","12","129.10","4478.840"
"USEP","05 Feb 2013","13","138.05","4646.369"
"USEP","05 Feb 2013","14","140.04","4777.726"
"USEP","05 Feb 2013","15","148.33","4936.448"
"USEP","05 Feb 2013","16","148.38","5194.356"
"USEP","05 Feb 2013","17","158.50","5474.768"
"USEP","05 Feb 2013","18","158.51","5679.055"
"USEP","05 Feb 2013","19","158.57","5804.249"
"USEP","05 Feb 2013","20","158.61","5873.024"
"USEP","05 Feb 2013","21","175.63","5973.274"
"USEP","05 Feb 2013","22","176.26","6022.243"
"USEP","05 Feb 2013","23","175.52","6012.572"
"USEP","05 Feb 2013","24","167.18","5950.357"
"USEP","05 Feb 2013","25","158.12","5911.860"
"USEP","05 Feb 2013","26","167.20","5956.610"
"USEP","05 Feb 2013","27","168.87","6004.406"
"USEP","05 Feb 2013","28","175.53","6038.794"
"USEP","05 Feb 2013","29","178.93","6047.749"
"USEP","05 Feb 2013","30","178.28","6036.681"
"USEP","05 Feb 2013","31","173.90","6006.404"
"USEP","05 Feb 2013","32","168.87","5975.918"
"USEP","05 Feb 2013","33","168.19","5953.101"
"USEP","05 Feb 2013","34","166.18","5936.372"
"USEP","05 Feb 2013","35","157.55","5856.474"
"USEP","05 Feb 2013","36","147.99","5722.274"
"USEP","05 Feb 2013","37","145.99","5588.815"
"USEP","05 Feb 2013","38","157.49","5598.203"
"USEP","05 Feb 2013","39","178.26","5654.796"
"USEP","05 Feb 2013","40","169.18","5624.350"
"USEP","05 Feb 2013","41","157.64","5546.112"
"USEP","05 Feb 2013","42","201.96","5452.493"
"USEP","05 Feb 2013","43","169.17","5339.902"
"USEP","05 Feb 2013","44","157.05","5167.572"
"USEP","05 Feb 2013","45","178.25","5001.058"
"USEP","05 Feb 2013","46","157.52","4878.567"
"USEP","05 Feb 2013","47","140.93","4744.352"
"USEP","05 Feb 2013","48","135.10","4628.059"
"USEP","06 Feb 2013","1","156.11","4533.420"
"USEP","06 Feb 2013","2","144.02","4416.610"
"USEP","06 Feb 2013","3","143.27","4297.976"
"USEP","06 Feb 2013","4","143.16","4236.443"
"USEP","06 Feb 2013","5","142.84","4171.023"
"USEP","06 Feb 2013","6","142.68","4135.298"
"USEP","06 Feb 2013","7","140.89","4121.586"
"USEP","06 Feb 2013","8","142.31","4106.676"
"USEP","06 Feb 2013","9","140.82","4104.335"
"USEP","06 Feb 2013","10","142.33","4139.081"
"USEP","06 Feb 2013","11","142.80","4223.243"
"USEP","06 Feb 2013","12","145.88","4388.575"
"USEP","06 Feb 2013","13","145.97","4567.957"
"USEP","06 Feb 2013","14","151.16","4690.428"
"USEP","06 Feb 2013","15","147.85","4865.049"
"USEP","06 Feb 2013","16","147.91","5119.070"
"USEP","06 Feb 2013","17","158.52","5388.394"
"USEP","06 Feb 2013","18","156.09","5585.097"
"USEP","06 Feb 2013","19","157.10","5690.854"
"USEP","06 Feb 2013","20","158.53","5818.861"
"USEP","06 Feb 2013","21","159.14","5896.825"
"USEP","06 Feb 2013","22","167.20","5950.750"
"USEP","06 Feb 2013","23","158.63","5941.859"
"USEP","06 Feb 2013","24","157.15","5889.211"
"USEP","06 Feb 2013","25","156.13","5820.755"
"USEP","06 Feb 2013","26","156.13","5808.568"
"USEP","06 Feb 2013","27","158.09","5827.638"
"USEP","06 Feb 2013","28","158.51","5862.950"
"USEP","06 Feb 2013","29","158.60","5895.732"
"USEP","06 Feb 2013","30","158.59","5890.772"
"USEP","06 Feb 2013","31","158.57","5895.518"
"USEP","06 Feb 2013","32","159.11","5915.761"
"USEP","06 Feb 2013","33","159.14","5911.586"
"USEP","06 Feb 2013","34","158.60","5867.875"
"USEP","06 Feb 2013","35","156.13","5696.718"
"USEP","06 Feb 2013","36","151.43","5532.152"
"USEP","06 Feb 2013","37","146.99","5490.016"
"USEP","06 Feb 2013","38","156.13","5543.399"
"USEP","06 Feb 2013","39","156.16","5604.411"
"USEP","06 Feb 2013","40","160.13","5586.469"
"USEP","06 Feb 2013","41","158.12","5488.818"
"USEP","06 Feb 2013","42","167.12","5407.842"
"USEP","06 Feb 2013","43","184.50","5309.257"
"USEP","06 Feb 2013","44","159.11","5169.610"
"USEP","06 Feb 2013","45","156.95","5031.598"
"USEP","06 Feb 2013","46","148.00","4876.296"
"USEP","06 Feb 2013","47","144.13","4740.709"
"USEP","06 Feb 2013","48","131.33","4626.508"
"USEP","07 Feb 2013","1","150.77","4506.910"
"USEP","07 Feb 2013","2","144.02","4394.529"
"USEP","07 Feb 2013","3","140.77","4301.898"
"USEP","07 Feb 2013","4","132.12","4255.627"
"USEP","07 Feb 2013","5","131.88","4212.945"
"USEP","07 Feb 2013","6","131.82","4170.730"
"USEP","07 Feb 2013","7","130.59","4136.765"
"USEP","07 Feb 2013","8","130.60","4121.363"
"USEP","07 Feb 2013","9","130.59","4123.877"
"USEP","07 Feb 2013","10","130.63","4155.059"
"USEP","07 Feb 2013","11","132.15","4246.552"
"USEP","07 Feb 2013","12","145.88","4419.617"
"USEP","07 Feb 2013","13","144.09","4566.779"
"USEP","07 Feb 2013","14","150.79","4720.327"
"USEP","07 Feb 2013","15","151.42","4871.828"
"USEP","07 Feb 2013","16","151.43","5125.417"
"USEP","07 Feb 2013","17","158.57","5397.345"
"USEP","07 Feb 2013","18","158.52","5583.825"
"USEP","07 Feb 2013","19","158.51","5687.693"
"USEP","07 Feb 2013","20","160.09","5784.394"
"USEP","07 Feb 2013","21","160.12","5871.344"
"USEP","07 Feb 2013","22","164.13","5936.769"
"USEP","07 Feb 2013","23","160.92","5908.798"
"USEP","07 Feb 2013","24","159.09","5895.071"
"USEP","07 Feb 2013","25","159.10","5875.733"
"USEP","07 Feb 2013","26","161.12","5913.624"
"USEP","07 Feb 2013","27","170.21","5981.236"
"USEP","07 Feb 2013","28","174.25","6021.796"
"USEP","07 Feb 2013","29","173.86","6024.112"
"USEP","07 Feb 2013","30","170.42","5998.482"
"USEP","07 Feb 2013","31","170.34","5988.348"
"USEP","07 Feb 2013","32","538.03","5977.309"
"USEP","07 Feb 2013","33","514.05","5945.481"
"USEP","07 Feb 2013","34","272.82","5888.227"
"USEP","07 Feb 2013","35","202.03","5780.597"
"USEP","07 Feb 2013","36","184.39","5659.214"
"USEP","07 Feb 2013","37","173.78","5536.590"
"USEP","07 Feb 2013","38","178.81","5576.648"
"USEP","07 Feb 2013","39","170.22","5557.066"
"USEP","07 Feb 2013","40","169.19","5543.801"
"USEP","07 Feb 2013","41","173.24","5477.909"
"USEP","07 Feb 2013","42","173.89","5373.062"
"USEP","07 Feb 2013","43","180.68","5294.630"
"USEP","07 Feb 2013","44","171.75","5172.776"
"USEP","07 Feb 2013","45","158.53","5051.354"
"USEP","07 Feb 2013","46","156.00","4958.445"
"USEP","07 Feb 2013","47","153.85","4869.522"
"USEP","07 Feb 2013","48","150.95","4740.177"
"USEP","08 Feb 2013","1","151.88","4542.913"
"USEP","08 Feb 2013","2","144.07","4361.503"
"USEP","08 Feb 2013","3","133.37","4306.356"
"USEP","08 Feb 2013","4","120.93","4225.598"
"USEP","08 Feb 2013","5","110.84","4188.040"
"USEP","08 Feb 2013","6","110.90","4140.671"
"USEP","08 Feb 2013","7","110.86","4127.287"
"USEP","08 Feb 2013","8","110.75","4102.834"
"USEP","08 Feb 2013","9","110.73","4078.387"
"USEP","08 Feb 2013","10","110.73","4085.872"
"USEP","08 Feb 2013","11","110.87","4159.711"
"USEP","08 Feb 2013","12","125.38","4302.141"
"USEP","08 Feb 2013","13","143.99","4451.236"
"USEP","08 Feb 2013","14","144.07","4558.718"
"USEP","08 Feb 2013","15","144.34","4729.467"
"USEP","08 Feb 2013","16","151.37","5019.004"
"USEP","08 Feb 2013","17","158.46","5312.488"
"USEP","08 Feb 2013","18","158.05","5510.065"
"USEP","08 Feb 2013","19","158.53","5608.511"
"USEP","08 Feb 2013","20","158.56","5655.631"
"USEP","08 Feb 2013","21","158.62","5682.310"
"USEP","08 Feb 2013","22","161.16","5727.890"
"USEP","08 Feb 2013","23","160.05","5725.967"
"USEP","08 Feb 2013","24","158.56","5657.967"
"USEP","08 Feb 2013","25","158.12","5620.359"
"USEP","08 Feb 2013","26","157.22","5610.176"
"USEP","08 Feb 2013","27","157.23","5645.821"
"USEP","08 Feb 2013","28","157.17","5603.347"
"USEP","08 Feb 2013","29","151.45","5500.766"
"USEP","08 Feb 2013","30","161.13","5441.484"
"USEP","08 Feb 2013","31","158.55","5394.016"
"USEP","08 Feb 2013","32","161.08","5409.233"
"USEP","08 Feb 2013","33","163.09","5393.464"
"USEP","08 Feb 2013","34","169.12","5346.795"
"USEP","08 Feb 2013","35","158.01","5278.985"
"USEP","08 Feb 2013","36","151.39","5179.997"
"USEP","08 Feb 2013","37","150.92","5090.617"
"USEP","08 Feb 2013","38","144.22","5066.433"
"USEP","08 Feb 2013","39","144.32","5076.174"
"USEP","08 Feb 2013","40","144.33","5077.958"
"USEP","08 Feb 2013","41","144.37","5082.889"
"USEP","08 Feb 2013","42","151.39","5042.314"
"USEP","08 Feb 2013","43","151.42","4974.309"
"USEP","08 Feb 2013","44","151.18","4842.102"
"USEP","08 Feb 2013","45","144.12","4725.098"
"USEP","08 Feb 2013","46","125.55","4604.521"
"USEP","08 Feb 2013","47","143.96","4475.594"
"USEP","08 Feb 2013","48","121.96","4371.532"
"USEP","09 Feb 2013","1","142.81","4338.060"
"USEP","09 Feb 2013","2","147.87","4260.965"
"USEP","09 Feb 2013","3","142.80","4146.953"
"USEP","09 Feb 2013","4","124.34","4065.495"
"USEP","09 Feb 2013","5","120.67","4011.411"
"USEP","09 Feb 2013","6","110.95","3978.907"
"USEP","09 Feb 2013","7","110.87","3953.352"
"USEP","09 Feb 2013","8","110.58","3938.308"
"USEP","09 Feb 2013","9","110.57","3916.807"
"USEP","09 Feb 2013","10","110.56","3924.640"
"USEP","09 Feb 2013","11","110.88","3958.824"
"USEP","09 Feb 2013","12","110.95","4010.874"
"USEP","09 Feb 2013","13","110.89","4043.383"
"USEP","09 Feb 2013","14","121.04","4081.334"
"USEP","09 Feb 2013","15","125.57","4131.402"
"USEP","09 Feb 2013","16","133.41","4272.207"
"USEP","09 Feb 2013","17","120.97","4433.767"
"USEP","09 Feb 2013","18","133.55","4562.495"
"USEP","09 Feb 2013","19","144.14","4663.510"
"USEP","09 Feb 2013","20","151.35","4752.965"
"USEP","09 Feb 2013","21","147.92","4810.155"
"USEP","09 Feb 2013","22","147.90","4809.558"
"USEP","09 Feb 2013","23","147.30","4840.497"
"USEP","09 Feb 2013","24","147.31","4841.814"
"USEP","09 Feb 2013","25","147.31","4798.863"
"USEP","09 Feb 2013","26","143.78","4710.611"
"USEP","09 Feb 2013","27","136.87","4652.770"
"USEP","09 Feb 2013","28","151.01","4677.898"
"USEP","09 Feb 2013","29","154.69","4660.424"
"USEP","09 Feb 2013","30","154.29","4644.107"
"USEP","09 Feb 2013","31","153.08","4631.792"
"USEP","09 Feb 2013","32","149.94","4633.944"
"USEP","09 Feb 2013","33","148.94","4626.896"
"USEP","09 Feb 2013","34","153.96","4688.087"
"USEP","09 Feb 2013","35","144.40","4563.215"
"USEP","09 Feb 2013","36","144.30","4499.306"
"USEP","09 Feb 2013","37","144.55","4493.561"
"USEP","09 Feb 2013","38","144.77","4544.454"
"USEP","09 Feb 2013","39","145.13","4617.259"
"USEP","09 Feb 2013","40","145.36","4626.846"
"USEP","09 Feb 2013","41","145.46","4613.542"
"USEP","09 Feb 2013","42","150.87","4615.286"
"USEP","09 Feb 2013","43","148.93","4599.397"
"USEP","09 Feb 2013","44","144.33","4520.573"
"USEP","09 Feb 2013","45","144.32","4458.418"
"USEP","09 Feb 2013","46","143.88","4440.729"
"USEP","09 Feb 2013","47","142.98","4419.070"
"USEP","09 Feb 2013","48","144.23","4331.310"
"USEP","10 Feb 2013","1","149.94","4231.910"
"USEP","10 Feb 2013","2","149.96","4175.297"
"USEP","10 Feb 2013","3","147.90","4117.118"
"USEP","10 Feb 2013","4","146.98","4048.199"
"USEP","10 Feb 2013","5","145.75","3962.799"
"USEP","10 Feb 2013","6","140.93","3914.148"
"USEP","10 Feb 2013","7","140.61","3878.692"
"USEP","10 Feb 2013","8","133.86","3850.144"
"USEP","10 Feb 2013","9","133.76","3820.031"
"USEP","10 Feb 2013","10","109.66","3803.715"
"USEP","10 Feb 2013","11","133.75","3819.639"
"USEP","10 Feb 2013","12","133.85","3845.080"
"USEP","10 Feb 2013","13","133.84","3888.920"
"USEP","10 Feb 2013","14","133.84","3895.689"
"USEP","10 Feb 2013","15","132.93","3885.496"
"USEP","10 Feb 2013","16","133.92","3946.388"
"USEP","10 Feb 2013","17","135.90","4032.290"
"USEP","10 Feb 2013","18","146.98","4126.084"
"USEP","10 Feb 2013","19","147.14","4183.477"
"USEP","10 Feb 2013","20","147.17","4220.544"
"USEP","10 Feb 2013","21","135.79","4224.818"
"USEP","10 Feb 2013","22","135.75","4203.964"
"USEP","10 Feb 2013","23","135.70","4184.327"
"USEP","10 Feb 2013","24","135.42","4159.308"
"USEP","10 Feb 2013","25","121.03","4155.233"
"USEP","10 Feb 2013","26","121.28","4143.921"
"USEP","10 Feb 2013","27","122.09","4127.759"
"USEP","10 Feb 2013","28","121.07","4089.276"
"USEP","10 Feb 2013","29","120.94","4044.451"
"USEP","10 Feb 2013","30","120.93","4014.204"
"USEP","10 Feb 2013","31","120.60","4000.407"
"USEP","10 Feb 2013","32","110.77","4016.098"
"USEP","10 Feb 2013","33","110.90","4032.524"
"USEP","10 Feb 2013","34","110.90","4035.471"
"USEP","10 Feb 2013","35","120.60","4071.971"
"USEP","10 Feb 2013","36","120.97","4099.425"
"USEP","10 Feb 2013","37","121.05","4142.465"
"USEP","10 Feb 2013","38","131.93","4218.258"
"USEP","10 Feb 2013","39","138.13","4296.759"
"USEP","10 Feb 2013","40","145.28","4329.710"
"USEP","10 Feb 2013","41","145.28","4329.521"
"USEP","10 Feb 2013","42","145.29","4325.580"
"USEP","10 Feb 2013","43","145.29","4320.863"
"USEP","10 Feb 2013","44","145.18","4268.231"
"USEP","10 Feb 2013","45","135.93","4210.211"
"USEP","10 Feb 2013","46","131.85","4123.375"
"USEP","10 Feb 2013","47","150.81","4050.376"
"USEP","10 Feb 2013","48","137.38","3984.658"
"USEP","11 Feb 2013","1","144.96","3976.547"
"USEP","11 Feb 2013","2","131.84","3901.221"
"USEP","11 Feb 2013","3","109.65","3778.100"
"USEP","11 Feb 2013","4","109.68","3729.200"
"USEP","11 Feb 2013","5","109.51","3685.260"
"USEP","11 Feb 2013","6","108.59","3669.222"
"USEP","11 Feb 2013","7","108.59","3669.853"
"USEP","11 Feb 2013","8","48.42","3647.011"
"USEP","11 Feb 2013","9","0.09","3628.383"
"USEP","11 Feb 2013","10","0.09","3621.222"
"USEP","11 Feb 2013","11","0.09","3625.650"
"USEP","11 Feb 2013","12","0.09","3666.786"
"USEP","11 Feb 2013","13","109.57","3728.106"
"USEP","11 Feb 2013","14","109.49","3753.334"
"USEP","11 Feb 2013","15","109.47","3767.076"
"USEP","11 Feb 2013","16","109.49","3840.026"
"USEP","11 Feb 2013","17","120.92","3943.412"
"USEP","11 Feb 2013","18","125.98","4045.560"
"USEP","11 Feb 2013","19","138.06","4142.122"
"USEP","11 Feb 2013","20","143.79","4210.992"
"USEP","11 Feb 2013","21","131.96","4281.998"
"USEP","11 Feb 2013","22","132.11","4318.269"
"USEP","11 Feb 2013","23","135.88","4332.314"
"USEP","11 Feb 2013","24","131.98","4319.233"
"USEP","11 Feb 2013","25","131.98","4294.791"
"USEP","11 Feb 2013","26","131.97","4293.603"
"USEP","11 Feb 2013","27","131.98","4315.560"
"USEP","11 Feb 2013","28","132.07","4321.385"
"USEP","11 Feb 2013","29","131.97","4304.040"
"USEP","11 Feb 2013","30","131.92","4277.008"
"USEP","11 Feb 2013","31","122.28","4254.221"
"USEP","11 Feb 2013","32","122.27","4261.700"
"USEP","11 Feb 2013","33","124.60","4275.532"
"USEP","11 Feb 2013","34","132.00","4289.741"
"USEP","11 Feb 2013","35","132.05","4310.421"
"USEP","11 Feb 2013","36","132.05","4315.197"
"USEP","11 Feb 2013","37","135.96","4342.845"
"USEP","11 Feb 2013","38","144.80","4416.873"
"USEP","11 Feb 2013","39","144.97","4481.459"
"USEP","11 Feb 2013","40","144.94","4476.558"
"USEP","11 Feb 2013","41","144.94","4468.636"
"USEP","11 Feb 2013","42","144.96","4476.812"
"USEP","11 Feb 2013","43","146.86","4484.411"
"USEP","11 Feb 2013","44","145.71","4413.986"
"USEP","11 Feb 2013","45","144.26","4326.673"
"USEP","11 Feb 2013","46","132.36","4242.660"
"USEP","11 Feb 2013","47","145.86","4187.553"
"USEP","11 Feb 2013","48","140.74","4061.886"
"USEP","12 Feb 2013","1","125.82","3964.549"
"USEP","12 Feb 2013","2","115.76","3917.478"
"USEP","12 Feb 2013","3","115.49","3848.892"
"USEP","12 Feb 2013","4","109.47","3790.902"
"USEP","12 Feb 2013","5","109.45","3751.376"
"USEP","12 Feb 2013","6","109.47","3744.328"
"USEP","12 Feb 2013","7","115.39","3742.454"
"USEP","12 Feb 2013","8","115.38","3736.495"
"USEP","12 Feb 2013","9","109.64","3705.771"
"USEP","12 Feb 2013","10","109.64","3701.745"
"USEP","12 Feb 2013","11","109.66","3702.068"
"USEP","12 Feb 2013","12","115.39","3733.021"
"USEP","12 Feb 2013","13","109.65","3797.547"
"USEP","12 Feb 2013","14","120.78","3816.010"
"USEP","12 Feb 2013","15","120.78","3836.994"
"USEP","12 Feb 2013","16","125.55","3913.830"
"USEP","12 Feb 2013","17","126.02","4028.160"
"USEP","12 Feb 2013","18","140.74","4141.496"
"USEP","12 Feb 2013","19","145.14","4227.949"
"USEP","12 Feb 2013","20","152.85","4327.359"
"USEP","12 Feb 2013","21","145.18","4421.496"
"USEP","12 Feb 2013","22","145.20","4480.246"
"USEP","12 Feb 2013","23","145.21","4517.809"
"USEP","12 Feb 2013","24","145.21","4498.948"
"USEP","12 Feb 2013","25","145.25","4493.312"
"USEP","12 Feb 2013","26","145.26","4502.084"
"USEP","12 Feb 2013","27","145.21","4498.640"
"USEP","12 Feb 2013","28","158.94","4472.582"
"USEP","12 Feb 2013","29","158.08","4418.544"
"USEP","12 Feb 2013","30","146.05","4391.591"
"USEP","12 Feb 2013","31","145.81","4369.231"
"USEP","12 Feb 2013","32","145.91","4395.890"
"USEP","12 Feb 2013","33","145.88","4422.376"
"USEP","12 Feb 2013","34","146.87","4448.533"
"USEP","12 Feb 2013","35","153.20","4475.649"
"USEP","12 Feb 2013","36","157.09","4489.148"
"USEP","12 Feb 2013","37","159.46","4523.038"
"USEP","12 Feb 2013","38","159.99","4610.013"
"USEP","12 Feb 2013","39","161.57","4682.804"
"USEP","12 Feb 2013","40","173.02","4721.107"
"USEP","12 Feb 2013","41","183.61","4760.544"
"USEP","12 Feb 2013","42","191.95","4779.376"
"USEP","12 Feb 2013","43","186.08","4774.689"
"USEP","12 Feb 2013","44","165.47","4694.841"
"USEP","12 Feb 2013","45","160.33","4621.146"
"USEP","12 Feb 2013","46","160.25","4535.140"
"USEP","12 Feb 2013","47","166.59","4412.684"
"USEP","12 Feb 2013","48","160.00","4299.994"
"USEP","13 Feb 2013","1","156.53","4200.783"
"USEP","13 Feb 2013","2","149.66","4071.036"
"USEP","13 Feb 2013","3","129.91","3926.603"
"USEP","13 Feb 2013","4","121.74","3873.245"
"USEP","13 Feb 2013","5","121.73","3837.978"
"USEP","13 Feb 2013","6","121.56","3817.447"
"USEP","13 Feb 2013","7","121.48","3805.673"
"USEP","13 Feb 2013","8","121.49","3802.294"
"USEP","13 Feb 2013","9","121.72","3797.160"
"USEP","13 Feb 2013","10","122.48","3815.514"
"USEP","13 Feb 2013","11","122.50","3878.663"
"USEP","13 Feb 2013","12","129.67","4019.095"
"USEP","13 Feb 2013","13","145.70","4172.638"
"USEP","13 Feb 2013","14","152.71","4310.302"
"USEP","13 Feb 2013","15","154.50","4506.160"
"USEP","13 Feb 2013","16","151.74","4793.043"
"USEP","13 Feb 2013","17","159.75","5009.010"
"USEP","13 Feb 2013","18","159.70","5212.551"
"USEP","13 Feb 2013","19","171.28","5304.715"
"USEP","13 Feb 2013","20","176.31","5369.951"
"USEP","13 Feb 2013","21","179.35","5426.047"
"USEP","13 Feb 2013","22","176.27","5449.689"
"USEP","13 Feb 2013","23","159.62","5447.582"
"USEP","13 Feb 2013","24","159.58","5410.551"
"USEP","13 Feb 2013","25","159.58","5388.479"
"USEP","13 Feb 2013","26","159.60","5396.247"
"USEP","13 Feb 2013","27","159.21","5403.881"
"USEP","13 Feb 2013","28","159.65","5411.565"
"USEP","13 Feb 2013","29","159.58","5404.517"
"USEP","13 Feb 2013","30","159.48","5404.353"
"USEP","13 Feb 2013","31","159.56","5401.436"
"USEP","13 Feb 2013","32","159.51","5419.114"
"USEP","13 Feb 2013","33","159.52","5420.620"
"USEP","13 Feb 2013","34","159.51","5402.624"
"USEP","13 Feb 2013","35","159.49","5361.069"
"USEP","13 Feb 2013","36","159.47","5261.724"
"USEP","13 Feb 2013","37","157.39","5180.166"
"USEP","13 Feb 2013","38","154.01","5178.834"
"USEP","13 Feb 2013","39","151.15","5187.726"
"USEP","13 Feb 2013","40","156.06","5180.723"
"USEP","13 Feb 2013","41","157.44","5174.381"
"USEP","13 Feb 2013","42","159.58","5146.544"
"USEP","13 Feb 2013","43","156.31","5076.949"
"USEP","13 Feb 2013","44","149.39","4923.679"
"USEP","13 Feb 2013","45","143.80","4797.889"
"USEP","13 Feb 2013","46","122.69","4682.550"
"USEP","13 Feb 2013","47","132.03","4582.772"
"USEP","13 Feb 2013","48","121.09","4459.218"
"USEP","14 Feb 2013","1","125.42","4323.567"
"USEP","14 Feb 2013","2","109.64","4248.614"
"USEP","14 Feb 2013","3","0.02","4155.804"
"USEP","14 Feb 2013","4","0.01","4022.057"
"USEP","14 Feb 2013","5","0.02","3892.409"
"USEP","14 Feb 2013","6","0.00","3849.384"
"USEP","14 Feb 2013","7","0.00","3910.689"
"USEP","14 Feb 2013","8","-10.03","3904.397"
"USEP","14 Feb 2013","9","-5.01","3909.228"
"USEP","14 Feb 2013","10","-5.01","3929.933"
"USEP","14 Feb 2013","11","0.00","4030.108"
"USEP","14 Feb 2013","12","109.59","4184.864"
"USEP","14 Feb 2013","13","129.72","4362.855"
"USEP","14 Feb 2013","14","130.10","4478.094"
"USEP","14 Feb 2013","15","145.33","4624.187"
"USEP","14 Feb 2013","16","132.14","4857.181"
"USEP","14 Feb 2013","17","157.57","5105.720"
"USEP","14 Feb 2013","18","149.42","5286.673"
"USEP","14 Feb 2013","19","149.46","5411.539"
"USEP","14 Feb 2013","20","153.08","5497.481"
"USEP","14 Feb 2013","21","151.08","5549.790"
"USEP","14 Feb 2013","22","156.14","5571.171"
"USEP","14 Feb 2013","23","159.59","5560.470"
"USEP","14 Feb 2013","24","158.09","5493.236"
"USEP","14 Feb 2013","25","154.03","5436.042"
"USEP","14 Feb 2013","26","157.20","5478.311"
"USEP","14 Feb 2013","27","159.12","5539.234"
"USEP","14 Feb 2013","28","159.11","5550.098"
"USEP","14 Feb 2013","29","157.22","5511.098"
"USEP","14 Feb 2013","30","155.07","5461.379"
"USEP","14 Feb 2013","31","155.05","5439.998"
"USEP","14 Feb 2013","32","154.11","5437.796"
"USEP","14 Feb 2013","33","154.11","5428.994"
"USEP","14 Feb 2013","34","151.06","5393.936"
"USEP","14 Feb 2013","35","139.30","5322.079"
"USEP","14 Feb 2013","36","149.42","5212.590"
"USEP","14 Feb 2013","37","149.41","5168.859"
"USEP","14 Feb 2013","38","149.42","5209.101"
"USEP","14 Feb 2013","39","153.11","5250.735"
"USEP","14 Feb 2013","40","156.12","5236.327"
"USEP","14 Feb 2013","41","153.09","5171.762"
"USEP","14 Feb 2013","42","159.82","5108.996"
"USEP","14 Feb 2013","43","158.91","5047.040"
"USEP","14 Feb 2013","44","154.87","4930.111"
"USEP","14 Feb 2013","45","139.15","4779.420"
"USEP","14 Feb 2013","46","129.54","4670.379"
"USEP","14 Feb 2013","47","139.00","4537.555"
"USEP","14 Feb 2013","48","125.37","4419.418"
"USEP","15 Feb 2013","1","140.77","4259.419"
"USEP","15 Feb 2013","2","109.61","4150.507"
"USEP","15 Feb 2013","3","0.00","3993.340"
"USEP","15 Feb 2013","4","-5.01","3917.602"
"USEP","15 Feb 2013","5","-10.08","3898.950"
"USEP","15 Feb 2013","6","-5.01","3889.254"
"USEP","15 Feb 2013","7","-5.01","3867.883"
"USEP","15 Feb 2013","8","-0.99","3879.880"
"USEP","15 Feb 2013","9","-0.20","3884.428"
"USEP","15 Feb 2013","10","-0.01","3906.758"
"USEP","15 Feb 2013","11","0.00","3998.276"
"USEP","15 Feb 2013","12","109.70","4173.354"
"USEP","15 Feb 2013","13","126.14","4341.081"
"USEP","15 Feb 2013","14","142.87","4492.850"
"USEP","15 Feb 2013","15","139.26","4646.324"
"USEP","15 Feb 2013","16","139.16","4900.579"
"USEP","15 Feb 2013","17","149.48","5155.530"
"USEP","15 Feb 2013","18","148.02","5324.634"
"USEP","15 Feb 2013","19","149.50","5439.158"
"USEP","15 Feb 2013","20","153.10","5542.375"
"USEP","15 Feb 2013","21","155.12","5620.792"
"USEP","15 Feb 2013","22","159.16","5693.160"
"USEP","15 Feb 2013","23","158.37","5698.249"
"USEP","15 Feb 2013","24","156.13","5636.800"
"USEP","15 Feb 2013","25","153.06","5577.423"
"USEP","15 Feb 2013","26","149.46","5563.329"
"USEP","15 Feb 2013","27","149.47","5605.976"
"USEP","15 Feb 2013","28","153.10","5664.597"
"USEP","15 Feb 2013","29","156.15","5674.120"
"USEP","15 Feb 2013","30","154.14","5677.256"
"USEP","15 Feb 2013","31","161.67","5689.800"
"USEP","15 Feb 2013","32","161.64","5696.808"
"USEP","15 Feb 2013","33","165.35","5684.129"
"USEP","15 Feb 2013","34","171.41","5635.940"
"USEP","15 Feb 2013","35","163.30","5566.519"
"USEP","15 Feb 2013","36","157.48","5468.466"
"USEP","15 Feb 2013","37","157.71","5369.981"
"USEP","15 Feb 2013","38","161.29","5339.743"
"USEP","15 Feb 2013","39","161.17","5306.921"
"USEP","15 Feb 2013","40","154.10","5289.387"
"USEP","15 Feb 2013","41","152.06","5259.070"
"USEP","15 Feb 2013","42","155.76","5211.333"
"USEP","15 Feb 2013","43","153.99","5161.166"
"USEP","15 Feb 2013","44","157.60","5089.171"
"USEP","15 Feb 2013","45","151.06","4948.455"
"USEP","15 Feb 2013","46","148.93","4819.926"
"USEP","15 Feb 2013","47","151.01","4705.596"
"USEP","15 Feb 2013","48","148.00","4591.122"
"USEP","16 Feb 2013","1","155.19","4460.257"
"USEP","16 Feb 2013","2","159.15","4337.180"
"USEP","16 Feb 2013","3","159.05","4200.217"
"USEP","16 Feb 2013","4","159.00","4160.715"
"USEP","16 Feb 2013","5","151.52","4093.898"
"USEP","16 Feb 2013","6","151.05","4069.863"
"USEP","16 Feb 2013","7","141.35","4045.108"
"USEP","16 Feb 2013","8","111.05","4018.523"
"USEP","16 Feb 2013","9","111.07","4027.847"
"USEP","16 Feb 2013","10","111.06","4028.861"
"USEP","16 Feb 2013","11","141.35","4056.439"
"USEP","16 Feb 2013","12","154.09","4126.059"
"USEP","16 Feb 2013","13","159.06","4189.521"
"USEP","16 Feb 2013","14","159.06","4231.041"
"USEP","16 Feb 2013","15","159.15","4309.616"
"USEP","16 Feb 2013","16","164.10","4475.341"
"USEP","16 Feb 2013","17","155.35","4683.301"
"USEP","16 Feb 2013","18","166.24","4828.882"
"USEP","16 Feb 2013","19","164.33","4962.520"
"USEP","16 Feb 2013","20","184.74","5079.146"
"USEP","16 Feb 2013","21","187.58","5168.760"
"USEP","16 Feb 2013","22","202.93","5238.107"
"USEP","16 Feb 2013","23","204.39","5254.627"
"USEP","16 Feb 2013","24","456.94","5215.816"
"USEP","16 Feb 2013","25","558.25","5106.745"
"USEP","16 Feb 2013","26","508.38","5107.092"
"USEP","16 Feb 2013","27","506.18","5097.133"
"USEP","16 Feb 2013","28","446.28","5053.834"
"USEP","16 Feb 2013","29","407.00","5051.095"
"USEP","16 Feb 2013","30","386.41","5041.056"
"USEP","16 Feb 2013","31","190.00","5066.289"
"USEP","16 Feb 2013","32","189.49","5037.562"
"USEP","16 Feb 2013","33","159.97","4976.605"
"USEP","16 Feb 2013","34","159.62","4898.392"
"USEP","16 Feb 2013","35","159.53","4897.006"
"USEP","16 Feb 2013","36","163.64","4914.425"
"USEP","16 Feb 2013","37","169.34","4937.611"
"USEP","16 Feb 2013","38","174.40","4995.735"
"USEP","16 Feb 2013","39","181.09","5039.277"
"USEP","16 Feb 2013","40","482.96","5057.462"
"USEP","16 Feb 2013","41","482.94","5047.910"
"USEP","16 Feb 2013","42","482.92","5031.335"
"USEP","16 Feb 2013","43","404.83","5018.761"
"USEP","16 Feb 2013","44","451.66","4961.809"
"USEP","16 Feb 2013","45","329.89","4871.510"
"USEP","16 Feb 2013","46","234.06","4772.020"
"USEP","16 Feb 2013","47","236.19","4673.291"
"USEP","16 Feb 2013","48","195.88","4554.518"
"USEP","17 Feb 2013","1","211.83","4445.407"
"USEP","17 Feb 2013","2","181.08","4306.898"
"USEP","17 Feb 2013","3","171.60","4220.574"
"USEP","17 Feb 2013","4","167.44","4136.720"
"USEP","17 Feb 2013","5","165.97","4092.884"
"USEP","17 Feb 2013","6","163.41","4062.165"
"USEP","17 Feb 2013","7","163.29","4039.964"
"USEP","17 Feb 2013","8","159.27","4025.044"
"USEP","17 Feb 2013","9","159.08","4005.234"
"USEP","17 Feb 2013","10","159.06","3998.181"
"USEP","17 Feb 2013","11","159.03","4009.557"
"USEP","17 Feb 2013","12","159.14","4042.638"
"USEP","17 Feb 2013","13","151.73","4093.829"
"USEP","17 Feb 2013","14","152.83","4120.692"
"USEP","17 Feb 2013","15","149.07","4134.985"
"USEP","17 Feb 2013","16","149.04","4209.893"
"USEP","17 Feb 2013","17","151.46","4334.337"
"USEP","17 Feb 2013","18","155.30","4444.765"
"USEP","17 Feb 2013","19","155.34","4562.704"
"USEP","17 Feb 2013","20","159.71","4675.075"
"USEP","17 Feb 2013","21","155.72","4769.321"
"USEP","17 Feb 2013","22","157.56","4809.703"
"USEP","17 Feb 2013","23","156.00","4803.092"
"USEP","17 Feb 2013","24","155.54","4755.947"
"USEP","17 Feb 2013","25","155.96","4730.863"
"USEP","17 Feb 2013","26","158.29","4737.742"
"USEP","17 Feb 2013","27","158.28","4724.681"
"USEP","17 Feb 2013","28","157.48","4717.420"
"USEP","17 Feb 2013","29","157.48","4717.092"
"USEP","17 Feb 2013","30","157.48","4701.734"
"USEP","17 Feb 2013","31","157.87","4704.254"
"USEP","17 Feb 2013","32","161.04","4696.486"
"USEP","17 Feb 2013","33","161.04","4676.924"
"USEP","17 Feb 2013","34","157.91","4666.368"
"USEP","17 Feb 2013","35","166.96","4704.980"
"USEP","17 Feb 2013","36","170.59","4727.752"
"USEP","17 Feb 2013","37","177.34","4775.330"
"USEP","17 Feb 2013","38","187.76","4851.088"
"USEP","17 Feb 2013","39","190.97","4886.673"
"USEP","17 Feb 2013","40","200.87","4922.705"
"USEP","17 Feb 2013","41","209.28","4972.351"
"USEP","17 Feb 2013","42","234.66","5000.029"
"USEP","17 Feb 2013","43","242.39","5003.249"
"USEP","17 Feb 2013","44","196.36","4911.245"
"USEP","17 Feb 2013","45","190.37","4771.712"
"USEP","17 Feb 2013","46","186.28","4646.448"
"USEP","17 Feb 2013","47","190.11","4523.063"
"USEP","17 Feb 2013","48","171.11","4392.138"
"USEP","18 Feb 2013","1","163.47","4281.541"
"USEP","18 Feb 2013","2","157.38","4161.058"
"USEP","18 Feb 2013","3","157.08","4048.870"
"USEP","18 Feb 2013","4","152.90","3987.197"
"USEP","18 Feb 2013","5","150.92","3966.219"
"USEP","18 Feb 2013","6","152.95","3980.692"
"USEP","18 Feb 2013","7","150.88","3952.348"
"USEP","18 Feb 2013","8","148.95","3941.160"
"USEP","18 Feb 2013","9","148.96","3961.478"
"USEP","18 Feb 2013","10","152.93","3999.260"
"USEP","18 Feb 2013","11","157.13","4100.036"
"USEP","18 Feb 2013","12","159.40","4271.949"
"USEP","18 Feb 2013","13","167.11","4451.589"
"USEP","18 Feb 2013","14","176.19","4609.223"
"USEP","18 Feb 2013","15","194.58","4813.500"
"USEP","18 Feb 2013","16","159.57","5072.029"
"USEP","18 Feb 2013","17","183.77","5337.208"
"USEP","18 Feb 2013","18","159.56","5490.215"
"USEP","18 Feb 2013","19","159.68","5660.408"
"USEP","18 Feb 2013","20","159.70","5774.991"
"USEP","18 Feb 2013","21","166.26","5865.301"
"USEP","18 Feb 2013","22","171.80","5918.589"
"USEP","18 Feb 2013","23","172.48","5929.782"
"USEP","18 Feb 2013","24","170.84","5904.385"
"USEP","18 Feb 2013","25","162.18","5865.112"
"USEP","18 Feb 2013","26","167.75","5880.355"
"USEP","18 Feb 2013","27","170.85","5930.219"
"USEP","18 Feb 2013","28","175.32","5966.848"
"USEP","18 Feb 2013","29","183.90","6007.120"
"USEP","18 Feb 2013","30","180.95","6027.512"
"USEP","18 Feb 2013","31","173.86","6009.118"
"USEP","18 Feb 2013","32","196.12","5968.811"
"USEP","18 Feb 2013","33","177.92","5948.106"
"USEP","18 Feb 2013","34","191.65","5922.853"
"USEP","18 Feb 2013","35","234.61","5891.846"
"USEP","18 Feb 2013","36","171.33","5761.716"
"USEP","18 Feb 2013","37","162.74","5653.996"
"USEP","18 Feb 2013","38","162.70","5646.849"
"USEP","18 Feb 2013","39","162.70","5646.397"
"USEP","18 Feb 2013","40","159.66","5618.610"
"USEP","18 Feb 2013","41","157.68","5572.826"
"USEP","18 Feb 2013","42","188.98","5527.564"
"USEP","18 Feb 2013","43","190.64","5442.766"
"USEP","18 Feb 2013","44","191.12","5287.523"
"USEP","18 Feb 2013","45","180.44","5080.537"
"USEP","18 Feb 2013","46","159.41","4908.411"
"USEP","18 Feb 2013","47","157.23","4743.517"
"USEP","18 Feb 2013","48","149.27","4582.668"
"USEP","19 Feb 2013","1","152.09","4430.074"
"USEP","19 Feb 2013","2","151.17","4293.702"
"USEP","19 Feb 2013","3","140.90","4151.714"
"USEP","19 Feb 2013","4","109.69","4078.834"
"USEP","19 Feb 2013","5","109.69","4069.749"
"USEP","19 Feb 2013","6","138.97","4106.949"
"USEP","19 Feb 2013","7","138.88","4092.770"
"USEP","19 Feb 2013","8","140.76","4111.363"
"USEP","19 Feb 2013","9","140.74","4117.436"
"USEP","19 Feb 2013","10","145.76","4162.280"
"USEP","19 Feb 2013","11","147.17","4248.584"
"USEP","19 Feb 2013","12","153.19","4412.843"
"USEP","19 Feb 2013","13","159.32","4600.922"
"USEP","19 Feb 2013","14","161.08","4722.265"
"USEP","19 Feb 2013","15","163.23","4915.737"
"USEP","19 Feb 2013","16","161.14","5217.739"
"USEP","19 Feb 2013","17","188.67","5490.935"
"USEP","19 Feb 2013","18","167.87","5668.459"
"USEP","19 Feb 2013","19","184.98","5798.747"
"USEP","19 Feb 2013","20","173.87","5900.950"
"USEP","19 Feb 2013","21","173.99","5966.375"
"USEP","19 Feb 2013","22","171.96","6016.771"
"USEP","19 Feb 2013","23","170.85","5991.663"
"USEP","19 Feb 2013","24","163.84","5919.478"
"USEP","19 Feb 2013","25","159.67","5856.036"
"USEP","19 Feb 2013","26","159.67","5844.526"
"USEP","19 Feb 2013","27","159.71","5872.055"
"USEP","19 Feb 2013","28","159.66","5884.216"
"USEP","19 Feb 2013","29","159.66","5893.495"
"USEP","19 Feb 2013","30","159.65","5868.029"
"USEP","19 Feb 2013","31","159.72","5852.239"
"USEP","19 Feb 2013","32","159.63","5783.867"
"USEP","19 Feb 2013","33","159.63","5765.930"
"USEP","19 Feb 2013","34","159.67","5739.535"
"USEP","19 Feb 2013","35","167.75","5712.388"
"USEP","19 Feb 2013","36","184.83","5632.744"
"USEP","19 Feb 2013","37","252.68","5535.138"
"USEP","19 Feb 2013","38","242.55","5555.843"
"USEP","19 Feb 2013","39","242.54","5549.954"
"USEP","19 Feb 2013","40","242.52","5545.898"
"USEP","19 Feb 2013","41","242.54","5525.984"
"USEP","19 Feb 2013","42","242.46","5463.078"
"USEP","19 Feb 2013","43","192.40","5387.286"
"USEP","19 Feb 2013","44","159.61","5257.638"
"USEP","19 Feb 2013","45","156.37","5095.935"
"USEP","19 Feb 2013","46","151.32","4956.615"
"USEP","19 Feb 2013","47","147.17","4816.755"
"USEP","19 Feb 2013","48","142.13","4673.107"
"USEP","20 Feb 2013","1","151.37","4521.492"
"USEP","20 Feb 2013","2","143.94","4358.575"
"USEP","20 Feb 2013","3","109.56","4250.597"
"USEP","20 Feb 2013","4","139.31","4149.607"
"USEP","20 Feb 2013","5","139.27","4140.830"
"USEP","20 Feb 2013","6","143.92","4172.653"
"USEP","20 Feb 2013","7","139.28","4141.938"
"USEP","20 Feb 2013","8","139.25","4125.507"
"USEP","20 Feb 2013","9","139.27","4125.358"
"USEP","20 Feb 2013","10","143.92","4156.202"
"USEP","20 Feb 2013","11","146.98","4256.879"
"USEP","20 Feb 2013","12","151.08","4418.136"
"USEP","20 Feb 2013","13","151.40","4594.039"
"USEP","20 Feb 2013","14","151.45","4720.421"
"USEP","20 Feb 2013","15","156.08","4886.285"
"USEP","20 Feb 2013","16","151.54","5147.424"
"USEP","20 Feb 2013","17","159.50","5407.747"
"USEP","20 Feb 2013","18","151.55","5582.567"
"USEP","20 Feb 2013","19","151.61","5699.412"
"USEP","20 Feb 2013","20","159.66","5793.295"
"USEP","20 Feb 2013","21","159.66","5881.856"
"USEP","20 Feb 2013","22","159.65","5941.734"
"USEP","20 Feb 2013","23","159.66","5940.154"
"USEP","20 Feb 2013","24","159.65","5905.130"
"USEP","20 Feb 2013","25","159.73","5857.980"
"USEP","20 Feb 2013","26","162.35","5889.415"
"USEP","20 Feb 2013","27","171.26","5948.354"
"USEP","20 Feb 2013","28","175.38","5994.918"
"USEP","20 Feb 2013","29","175.65","5998.506"
"USEP","20 Feb 2013","30","173.84","5990.127"
"USEP","20 Feb 2013","31","169.33","5956.073"
"USEP","20 Feb 2013","32","169.33","5956.709"
"USEP","20 Feb 2013","33","167.81","5940.467"
"USEP","20 Feb 2013","34","177.89","5941.570"
"USEP","20 Feb 2013","35","242.66","5920.428"
"USEP","20 Feb 2013","36","177.98","5836.862"
"USEP","20 Feb 2013","37","174.80","5740.375"
"USEP","20 Feb 2013","38","177.87","5722.801"
"USEP","20 Feb 2013","39","171.33","5702.821"
"USEP","20 Feb 2013","40","167.79","5672.862"
"USEP","20 Feb 2013","41","166.28","5630.180"
"USEP","20 Feb 2013","42","173.33","5583.442"
"USEP","20 Feb 2013","43","167.78","5495.672"
"USEP","20 Feb 2013","44","159.66","5350.677"
"USEP","20 Feb 2013","45","156.40","5203.431"
"USEP","20 Feb 2013","46","151.55","5063.436"
"USEP","20 Feb 2013","47","159.53","4934.862"
"USEP","20 Feb 2013","48","151.48","4787.427"
"USEP","21 Feb 2013","1","152.12","4616.459"
"USEP","21 Feb 2013","2","151.37","4476.180"
"USEP","21 Feb 2013","3","151.06","4367.029"
"USEP","21 Feb 2013","4","151.05","4281.048"
"USEP","21 Feb 2013","5","150.98","4251.864"
"USEP","21 Feb 2013","6","151.01","4262.868"
"USEP","21 Feb 2013","7","147.05","4218.789"
"USEP","21 Feb 2013","8","147.02","4197.383"
"USEP","21 Feb 2013","9","147.01","4207.184"
"USEP","21 Feb 2013","10","148.01","4241.606"
"USEP","21 Feb 2013","11","151.23","4340.395"
"USEP","21 Feb 2013","12","151.33","4472.870"
"USEP","21 Feb 2013","13","151.35","4631.274"
"USEP","21 Feb 2013","14","151.50","4742.120"
"USEP","21 Feb 2013","15","151.61","4901.568"
"USEP","21 Feb 2013","16","151.55","5157.453"
"USEP","21 Feb 2013","17","167.48","5416.842"
"USEP","21 Feb 2013","18","159.68","5581.295"
"USEP","21 Feb 2013","19","159.67","5699.879"
"USEP","21 Feb 2013","20","159.74","5786.924"
"USEP","21 Feb 2013","21","166.33","5855.236"
"USEP","21 Feb 2013","22","307.66","5905.239"
"USEP","21 Feb 2013","23","219.75","5930.149"
"USEP","21 Feb 2013","24","159.70","5877.507"
"USEP","21 Feb 2013","25","167.86","5825.550"
"USEP","21 Feb 2013","26","159.71","5832.936"
"USEP","21 Feb 2013","27","159.70","5879.768"
"USEP","21 Feb 2013","28","158.80","5917.068"
"USEP","21 Feb 2013","29","158.56","5915.050"
"USEP","21 Feb 2013","30","157.33","5893.550"
"USEP","21 Feb 2013","31","157.32","5894.186"
"USEP","21 Feb 2013","32","162.27","5902.988"
"USEP","21 Feb 2013","33","171.38","5892.069"
"USEP","21 Feb 2013","34","168.23","5872.631"
"USEP","21 Feb 2013","35","166.33","5824.919"
"USEP","21 Feb 2013","36","156.69","5711.156"
"USEP","21 Feb 2013","37","158.75","5643.479"
"USEP","21 Feb 2013","38","158.57","5636.377"
"USEP","21 Feb 2013","39","159.49","5652.003"
"USEP","21 Feb 2013","40","158.98","5647.505"
"USEP","21 Feb 2013","41","157.29","5598.242"
"USEP","21 Feb 2013","42","168.29","5526.451"
"USEP","21 Feb 2013","43","162.70","5432.418"
"USEP","21 Feb 2013","44","156.69","5284.576"
"USEP","21 Feb 2013","45","153.03","5120.233"
"USEP","21 Feb 2013","46","151.53","4971.600"
"USEP","21 Feb 2013","47","146.43","4841.411"
"USEP","21 Feb 2013","48","146.01","4699.005"
"USEP","22 Feb 2013","1","151.52","4561.476"
"USEP","22 Feb 2013","2","151.39","4434.060"
"USEP","22 Feb 2013","3","147.11","4313.160"
"USEP","22 Feb 2013","4","147.00","4227.198"
"USEP","22 Feb 2013","5","147.00","4213.546"
"USEP","22 Feb 2013","6","147.05","4237.988"
"USEP","22 Feb 2013","7","147.05","4235.121"
"USEP","22 Feb 2013","8","147.00","4219.326"
"USEP","22 Feb 2013","9","147.01","4222.860"
"USEP","22 Feb 2013","10","148.03","4259.205"
"USEP","22 Feb 2013","11","151.24","4341.921"
"USEP","22 Feb 2013","12","151.41","4515.811"
"USEP","22 Feb 2013","13","151.52","4663.281"
"USEP","22 Feb 2013","14","151.54","4775.181"
"USEP","22 Feb 2013","15","157.33","4928.754"
"USEP","22 Feb 2013","16","151.57","5166.275"
"USEP","22 Feb 2013","17","167.70","5420.237"
"USEP","22 Feb 2013","18","154.15","5598.272"
"USEP","22 Feb 2013","19","156.20","5711.121"
"USEP","22 Feb 2013","20","159.68","5838.989"
"USEP","22 Feb 2013","21","159.75","5942.634"
"USEP","22 Feb 2013","22","163.28","6006.573"
"USEP","22 Feb 2013","23","164.27","6025.205"
"USEP","22 Feb 2013","24","177.88","5978.527"
"USEP","22 Feb 2013","25","170.91","5942.996"
"USEP","22 Feb 2013","26","167.82","5949.383"
"USEP","22 Feb 2013","27","176.38","5972.379"
"USEP","22 Feb 2013","28","168.32","6003.735"
"USEP","22 Feb 2013","29","170.61","6012.964"
"USEP","22 Feb 2013","30","169.29","6008.963"
"USEP","22 Feb 2013","31","175.99","6024.117"
"USEP","22 Feb 2013","32","179.38","6035.255"
"USEP","22 Feb 2013","33","200.08","6037.615"
"USEP","22 Feb 2013","34","207.94","6006.936"
"USEP","22 Feb 2013","35","184.73","5953.563"
"USEP","22 Feb 2013","36","169.33","5847.503"
"USEP","22 Feb 2013","37","176.01","5772.730"
"USEP","22 Feb 2013","38","170.96","5743.054"
"USEP","22 Feb 2013","39","167.76","5707.846"
"USEP","22 Feb 2013","40","167.76","5641.139"
"USEP","22 Feb 2013","41","170.46","5579.397"
"USEP","22 Feb 2013","42","201.50","5507.759"
"USEP","22 Feb 2013","43","201.11","5404.438"
"USEP","22 Feb 2013","44","167.77","5274.890"
"USEP","22 Feb 2013","45","159.67","5148.393"
"USEP","22 Feb 2013","46","159.47","5028.184"
"USEP","22 Feb 2013","47","153.55","4882.086"
"USEP","22 Feb 2013","48","158.21","4773.228"
"USEP","23 Feb 2013","1","156.40","4655.613"
"USEP","23 Feb 2013","2","159.26","4547.649"
"USEP","23 Feb 2013","3","158.09","4511.806"
"USEP","23 Feb 2013","4","156.08","4433.215"
"USEP","23 Feb 2013","5","151.21","4359.570"
"USEP","23 Feb 2013","6","148.49","4307.653"
"USEP","23 Feb 2013","7","148.00","4271.536"
"USEP","23 Feb 2013","8","147.83","4241.756"
"USEP","23 Feb 2013","9","146.20","4215.385"
"USEP","23 Feb 2013","10","146.13","4222.398"
"USEP","23 Feb 2013","11","146.14","4247.282"
"USEP","23 Feb 2013","12","148.00","4302.415"
"USEP","23 Feb 2013","13","148.41","4373.734"
"USEP","23 Feb 2013","14","151.21","4434.507"
"USEP","23 Feb 2013","15","156.04","4503.730"
"USEP","23 Feb 2013","16","159.23","4659.981"
"USEP","23 Feb 2013","17","153.13","4872.409"
"USEP","23 Feb 2013","18","161.55","5038.944"
"USEP","23 Feb 2013","19","163.17","5131.629"
"USEP","23 Feb 2013","20","491.55","5224.126"
"USEP","23 Feb 2013","21","510.09","5317.557"
"USEP","23 Feb 2013","22","532.08","5405.814"
"USEP","23 Feb 2013","23","512.60","5443.671"
"USEP","23 Feb 2013","24","533.02","5481.478"
"USEP","23 Feb 2013","25","491.94","5497.029"
"USEP","23 Feb 2013","26","409.60","5462.895"
"USEP","23 Feb 2013","27","234.48","5406.098"
"USEP","23 Feb 2013","28","204.75","5384.935"
"USEP","23 Feb 2013","29","189.58","5358.425"
"USEP","23 Feb 2013","30","178.31","5338.620"
"USEP","23 Feb 2013","31","177.88","5326.419"
"USEP","23 Feb 2013","32","174.24","5296.708"
"USEP","23 Feb 2013","33","166.21","5233.778"
"USEP","23 Feb 2013","34","166.23","5227.814"
"USEP","23 Feb 2013","35","166.22","5225.398"
"USEP","23 Feb 2013","36","169.24","5233.803"
"USEP","23 Feb 2013","37","169.24","5237.207"
"USEP","23 Feb 2013","38","178.39","5287.285"
"USEP","23 Feb 2013","39","189.51","5312.547"
"USEP","23 Feb 2013","40","176.32","5275.441"
"USEP","23 Feb 2013","41","178.34","5286.887"
"USEP","23 Feb 2013","42","178.87","5273.866"
"USEP","23 Feb 2013","43","193.79","5240.318"
"USEP","23 Feb 2013","44","175.49","5182.676"
"USEP","23 Feb 2013","45","177.98","5078.759"
"USEP","23 Feb 2013","46","163.25","4998.354"
"USEP","23 Feb 2013","47","170.13","4905.946"
"USEP","23 Feb 2013","48","252.29","4798.858"
"USEP","24 Feb 2013","1","242.12","4692.539"
"USEP","24 Feb 2013","2","182.18","4614.913"
"USEP","24 Feb 2013","3","179.30","4554.354"
"USEP","24 Feb 2013","4","171.88","4451.117"
"USEP","24 Feb 2013","5","170.13","4399.136"
"USEP","24 Feb 2013","6","166.71","4351.125"
"USEP","24 Feb 2013","7","166.35","4313.383"
"USEP","24 Feb 2013","8","163.10","4279.244"
"USEP","24 Feb 2013","9","160.75","4252.511"
"USEP","24 Feb 2013","10","160.72","4250.945"
"USEP","24 Feb 2013","11","157.93","4267.083"
"USEP","24 Feb 2013","12","161.10","4309.715"
"USEP","24 Feb 2013","13","161.08","4352.268"
"USEP","24 Feb 2013","14","166.11","4373.346"
"USEP","24 Feb 2013","15","167.78","4380.399"
"USEP","24 Feb 2013","16","172.44","4455.694"
"USEP","24 Feb 2013","17","492.58","4574.656"
"USEP","24 Feb 2013","18","513.08","4671.874"
"USEP","24 Feb 2013","19","497.95","4755.748"
"USEP","24 Feb 2013","20","512.98","4851.788"
"USEP","24 Feb 2013","21","513.30","4914.336"
"USEP","24 Feb 2013","22","513.25","4919.132"
"USEP","24 Feb 2013","23","513.29","4940.458"
"USEP","24 Feb 2013","24","491.53","4944.797"
"USEP","24 Feb 2013","25","482.39","4943.072"
"USEP","24 Feb 2013","26","491.60","4963.996"
"USEP","24 Feb 2013","27","491.74","4990.128"
"USEP","24 Feb 2013","28","491.94","5010.838"
"USEP","24 Feb 2013","29","266.64","5010.808"
"USEP","24 Feb 2013","30","264.78","5008.711"
"USEP","24 Feb 2013","31","211.94","4998.175"
"USEP","24 Feb 2013","32","157.12","4996.256"
"USEP","24 Feb 2013","33","171.76","5001.823"
"USEP","24 Feb 2013","34","251.60","4992.151"
"USEP","24 Feb 2013","35","252.32","5004.819"
"USEP","24 Feb 2013","36","256.98","5005.530"
"USEP","24 Feb 2013","37","259.78","4999.273"
"USEP","24 Feb 2013","38","282.67","5058.192"
"USEP","24 Feb 2013","39","473.42","5138.483"
"USEP","24 Feb 2013","40","489.42","5171.946"
"USEP","24 Feb 2013","41","491.58","5235.144"
"USEP","24 Feb 2013","42","511.82","5265.879"
"USEP","24 Feb 2013","43","511.68","5269.611"
"USEP","24 Feb 2013","44","491.21","5183.481"
"USEP","24 Feb 2013","45","267.66","5022.985"
"USEP","24 Feb 2013","46","293.52","4927.978"
"USEP","24 Feb 2013","47","289.09","4857.459"
"USEP","24 Feb 2013","48","182.21","4751.062"
"USEP","25 Feb 2013","1","163.21","4641.220"
"USEP","25 Feb 2013","2","161.19","4526.288"
"USEP","25 Feb 2013","3","167.70","4410.955"
"USEP","25 Feb 2013","4","161.32","4308.861"
"USEP","25 Feb 2013","5","156.02","4274.841"
"USEP","25 Feb 2013","6","154.13","4274.876"
"USEP","25 Feb 2013","7","151.21","4257.744"
"USEP","25 Feb 2013","8","151.21","4244.544"
"USEP","25 Feb 2013","9","151.16","4236.572"
"USEP","25 Feb 2013","10","151.22","4260.562"
"USEP","25 Feb 2013","11","157.61","4357.239"
"USEP","25 Feb 2013","12","159.12","4518.118"
"USEP","25 Feb 2013","13","154.16","4702.977"
"USEP","25 Feb 2013","14","161.63","4838.524"
"USEP","25 Feb 2013","15","159.62","5017.046"
"USEP","25 Feb 2013","16","156.47","5272.971"
"USEP","25 Feb 2013","17","159.65","5535.839"
"USEP","25 Feb 2013","18","159.67","5752.646"
"USEP","25 Feb 2013","19","159.25","5880.966"
"USEP","25 Feb 2013","20","165.95","6003.029"
"USEP","25 Feb 2013","21","173.86","6108.697"
"USEP","25 Feb 2013","22","169.32","6139.530"
"USEP","25 Feb 2013","23","168.33","6134.789"
"USEP","25 Feb 2013","24","166.32","6099.706"
"USEP","25 Feb 2013","25","159.73","6057.183"
"USEP","25 Feb 2013","26","167.78","6085.914"
"USEP","25 Feb 2013","27","176.39","6152.989"
"USEP","25 Feb 2013","28","189.50","6190.801"
"USEP","25 Feb 2013","29","178.43","6189.931"
"USEP","25 Feb 2013","30","168.33","6127.717"
"USEP","25 Feb 2013","31","179.41","6138.363"
"USEP","25 Feb 2013","32","194.10","6166.040"
"USEP","25 Feb 2013","33","184.82","6145.778"
"USEP","25 Feb 2013","34","226.33","6106.291"
"USEP","25 Feb 2013","35","179.40","6048.440"
"USEP","25 Feb 2013","36","166.28","5923.619"
"USEP","25 Feb 2013","37","169.30","5843.512"
"USEP","25 Feb 2013","38","179.39","5857.776"
"USEP","25 Feb 2013","39","169.34","5887.114"
"USEP","25 Feb 2013","40","169.34","5867.930"
"USEP","25 Feb 2013","41","162.73","5765.270"
"USEP","25 Feb 2013","42","163.29","5578.611"
"USEP","25 Feb 2013","43","160.84","5440.237"
"USEP","25 Feb 2013","44","159.22","5315.112"
"USEP","25 Feb 2013","45","156.66","5187.602"
"USEP","25 Feb 2013","46","157.29","5133.334"
"USEP","25 Feb 2013","47","153.11","4996.962"
"USEP","25 Feb 2013","48","151.50","4818.604"
"USEP","26 Feb 2013","1","166.52","4662.322"
"USEP","26 Feb 2013","2","161.57","4501.722"
"USEP","26 Feb 2013","3","153.02","4367.894"
"USEP","26 Feb 2013","4","148.85","4276.292"
"USEP","26 Feb 2013","5","151.18","4268.365"
"USEP","26 Feb 2013","6","151.21","4302.156"
"USEP","26 Feb 2013","7","151.24","4300.491"
"USEP","26 Feb 2013","8","151.21","4301.192"
"USEP","26 Feb 2013","9","150.99","4292.127"
"USEP","26 Feb 2013","10","151.18","4306.008"
"USEP","26 Feb 2013","11","153.88","4401.939"
"USEP","26 Feb 2013","12","163.12","4550.771"
"USEP","26 Feb 2013","13","167.70","4726.077"
"USEP","26 Feb 2013","14","177.47","4850.437"
"USEP","26 Feb 2013","15","166.99","5013.796"
"USEP","26 Feb 2013","16","167.77","5262.683"
"USEP","26 Feb 2013","17","242.54","5526.307"
"USEP","26 Feb 2013","18","184.94","5709.968"
"USEP","26 Feb 2013","19","167.80","5830.546"
"USEP","26 Feb 2013","20","184.66","5937.724"
"USEP","26 Feb 2013","21","462.87","6021.985"
"USEP","26 Feb 2013","22","362.67","6028.908"
"USEP","26 Feb 2013","23","492.40","6112.156"
"USEP","26 Feb 2013","24","532.97","6117.036"
"USEP","26 Feb 2013","25","492.04","6006.986"
"USEP","26 Feb 2013","26","486.27","6016.021"
"USEP","26 Feb 2013","27","355.35","6078.027"
"USEP","26 Feb 2013","28","422.77","6137.647"
"USEP","26 Feb 2013","29","422.65","6159.018"
"USEP","26 Feb 2013","30","375.40","6158.899"
"USEP","26 Feb 2013","31","347.80","6155.270"
"USEP","26 Feb 2013","32","346.43","6176.761"
"USEP","26 Feb 2013","33","194.05","6163.113"
"USEP","26 Feb 2013","34","177.99","6126.181"
"USEP","26 Feb 2013","35","173.97","6069.687"
"USEP","26 Feb 2013","36","163.87","5951.356"
"USEP","26 Feb 2013","37","163.86","5881.125"
"USEP","26 Feb 2013","38","162.86","5860.112"
"USEP","26 Feb 2013","39","161.83","5821.823"
"USEP","26 Feb 2013","40","161.70","5789.513"
"USEP","26 Feb 2013","41","161.66","5734.436"
"USEP","26 Feb 2013","42","162.89","5662.460"
"USEP","26 Feb 2013","43","161.73","5575.565"
"USEP","26 Feb 2013","44","161.65","5437.245"
"USEP","26 Feb 2013","45","161.60","5295.103"
"USEP","26 Feb 2013","46","161.58","5159.814"
"USEP","26 Feb 2013","47","154.11","5032.294"
"USEP","26 Feb 2013","48","151.31","4882.563"
"USEP","27 Feb 2013","1","161.59","4738.656"
"USEP","27 Feb 2013","2","156.29","4589.189"
"USEP","27 Feb 2013","3","151.22","4473.805"
"USEP","27 Feb 2013","4","151.16","4376.110"
"USEP","27 Feb 2013","5","151.16","4335.247"
"USEP","27 Feb 2013","6","151.20","4339.794"
"USEP","27 Feb 2013","7","147.94","4274.299"
"USEP","27 Feb 2013","8","147.11","4249.290"
"USEP","27 Feb 2013","9","147.12","4252.764"
"USEP","27 Feb 2013","10","147.93","4291.018"
"USEP","27 Feb 2013","11","151.14","4371.130"
"USEP","27 Feb 2013","12","155.02","4537.789"
"USEP","27 Feb 2013","13","161.40","4699.344"
"USEP","27 Feb 2013","14","161.53","4835.994"
"USEP","27 Feb 2013","15","159.35","4990.163"
"USEP","27 Feb 2013","16","157.15","5235.289"
"USEP","27 Feb 2013","17","159.40","5506.263"
"USEP","27 Feb 2013","18","161.61","5675.626"
"USEP","27 Feb 2013","19","161.67","5821.341"
"USEP","27 Feb 2013","20","167.75","5925.373"
"USEP","27 Feb 2013","21","441.17","6007.736"
"USEP","27 Feb 2013","22","478.69","6072.918"
"USEP","27 Feb 2013","23","175.62","6075.696"
"USEP","27 Feb 2013","24","440.74","6024.162"
"USEP","27 Feb 2013","25","172.93","5974.298"
"USEP","27 Feb 2013","26","172.92","5959.721"
"USEP","27 Feb 2013","27","184.70","6034.549"
"USEP","27 Feb 2013","28","242.64","6076.451"
"USEP","27 Feb 2013","29","252.92","6081.774"
"USEP","27 Feb 2013","30","213.09","6046.239"
"USEP","27 Feb 2013","31","194.02","6037.173"
"USEP","27 Feb 2013","32","194.02","6039.127"
"USEP","27 Feb 2013","33","190.77","6040.627"
"USEP","27 Feb 2013","34","177.96","6017.050"
"USEP","27 Feb 2013","35","170.47","5970.521"
"USEP","27 Feb 2013","36","162.83","5879.475"
"USEP","27 Feb 2013","37","167.73","5793.564"
"USEP","27 Feb 2013","38","167.73","5802.107"
"USEP","27 Feb 2013","39","195.06","5811.207"
"USEP","27 Feb 2013","40","193.49","5798.484"
"USEP","27 Feb 2013","41","177.97","5745.285"
"USEP","27 Feb 2013","42","175.45","5685.292"
"USEP","27 Feb 2013","43","172.93","5585.336"
"USEP","27 Feb 2013","44","167.71","5447.423"
"USEP","27 Feb 2013","45","161.61","5321.001"
"USEP","27 Feb 2013","46","166.30","5183.476"
"USEP","27 Feb 2013","47","161.65","5056.672"
"USEP","27 Feb 2013","48","161.63","4904.525"
"USEP","28 Feb 2013","1","172.72","4766.513"
"USEP","28 Feb 2013","2","160.65","4605.351"
"USEP","28 Feb 2013","3","158.42","4489.734"
"USEP","28 Feb 2013","4","151.39","4372.328"
"USEP","28 Feb 2013","5","151.14","4341.812"
"USEP","28 Feb 2013","6","151.09","4349.436"
"USEP","28 Feb 2013","7","151.09","4341.042"
"USEP","28 Feb 2013","8","151.09","4329.342"
"USEP","28 Feb 2013","9","151.08","4315.024"
"USEP","28 Feb 2013","10","151.14","4324.974"
"USEP","28 Feb 2013","11","151.58","4373.615"
"USEP","28 Feb 2013","12","158.42","4536.879"
"USEP","28 Feb 2013","13","159.13","4689.737"
"USEP","28 Feb 2013","14","161.69","4819.658"
"USEP","28 Feb 2013","15","158.40","4972.848"
"USEP","28 Feb 2013","16","151.55","5225.224"
"USEP","28 Feb 2013","17","157.18","5489.614"
"USEP","28 Feb 2013","18","154.17","5679.403"
"USEP","28 Feb 2013","19","170.23","5829.149"
"USEP","28 Feb 2013","20","165.77","5933.494"
"USEP","28 Feb 2013","21","165.92","6029.743"
"USEP","28 Feb 2013","22","175.93","6073.375"
"USEP","28 Feb 2013","23","165.74","6084.503"
"USEP","28 Feb 2013","24","160.24","6034.440"
"USEP","28 Feb 2013","25","159.24","6014.972"
"USEP","28 Feb 2013","26","160.88","6032.198"
"USEP","28 Feb 2013","27","173.87","6089.333"
"USEP","28 Feb 2013","28","194.09","6134.769"
"USEP","28 Feb 2013","29","173.83","6173.023"
"USEP","28 Feb 2013","30","173.82","6166.199"
"USEP","28 Feb 2013","31","252.99","6187.476"
"USEP","28 Feb 2013","32","458.93","6207.600"
"USEP","28 Feb 2013","33","470.92","6208.102"
"USEP","28 Feb 2013","34","435.98","6176.095"
"USEP","28 Feb 2013","35","213.11","6113.324"
"USEP","28 Feb 2013","36","172.46","5985.719"
"USEP","28 Feb 2013","37","190.73","5901.661"
"USEP","28 Feb 2013","38","172.87","5878.367"
"USEP","28 Feb 2013","39","172.62","5849.481"
"USEP","28 Feb 2013","40","170.44","5791.263"
"USEP","28 Feb 2013","41","165.74","5744.326"
"USEP","28 Feb 2013","42","173.00","5685.501"
"USEP","28 Feb 2013","43","172.97","5579.973"
"USEP","28 Feb 2013","44","165.23","5451.419"
"USEP","28 Feb 2013","45","159.19","5298.457"
"USEP","28 Feb 2013","46","165.72","5178.954"
"USEP","28 Feb 2013","47","165.65","5045.897"
"USEP","28 Feb 2013","48","160.13","4898.790"
