"PRICE TYPE","DATE","PERIOD","PRICE ($/MWh)","DEMAND (MW)"
"USEP","01 May 2011","1","251.64","4089.738"
"USEP","01 May 2011","2","314.94","4169.944"
"USEP","01 May 2011","3","316.09","4185.804"
"USEP","01 May 2011","4","457.70","4250.508"
"USEP","01 May 2011","5","387.09","4180.312"
"USEP","01 May 2011","6","352.35","4111.283"
"USEP","01 May 2011","7","214.27","4057.722"
"USEP","01 May 2011","8","212.20","4037.529"
"USEP","01 May 2011","9","212.21","4039.745"
"USEP","01 May 2011","10","212.23","4038.354"
"USEP","01 May 2011","11","214.30","4042.012"
"USEP","01 May 2011","12","218.33","4071.300"
"USEP","01 May 2011","13","251.65","4189.382"
"USEP","01 May 2011","14","251.66","4221.096"
"USEP","01 May 2011","15","251.40","4236.721"
"USEP","01 May 2011","16","282.48","4294.617"
"USEP","01 May 2011","17","271.66","4317.051"
"USEP","01 May 2011","18","282.50","4420.010"
"USEP","01 May 2011","19","291.96","4578.215"
"USEP","01 May 2011","20","284.86","4667.287"
"USEP","01 May 2011","21","295.07","4737.076"
"USEP","01 May 2011","22","234.03","4746.330"
"USEP","01 May 2011","23","230.61","4781.329"
"USEP","01 May 2011","24","232.09","4798.028"
"USEP","01 May 2011","25","229.53","4758.109"
"USEP","01 May 2011","26","221.68","4639.063"
"USEP","01 May 2011","27","221.68","4676.864"
"USEP","01 May 2011","28","229.51","4760.897"
"USEP","01 May 2011","29","229.55","4764.823"
"USEP","01 May 2011","30","230.48","4766.697"
"USEP","01 May 2011","31","235.00","4748.497"
"USEP","01 May 2011","32","233.38","4731.316"
"USEP","01 May 2011","33","230.49","4691.233"
"USEP","01 May 2011","34","230.36","4669.131"
"USEP","01 May 2011","35","225.83","4597.663"
"USEP","01 May 2011","36","229.93","4608.835"
"USEP","01 May 2011","37","230.49","4644.659"
"USEP","01 May 2011","38","240.63","4775.415"
"USEP","01 May 2011","39","252.06","4857.767"
"USEP","01 May 2011","40","253.76","4871.579"
"USEP","01 May 2011","41","292.42","4932.114"
"USEP","01 May 2011","42","292.42","4918.471"
"USEP","01 May 2011","43","259.33","4896.936"
"USEP","01 May 2011","44","250.76","4839.214"
"USEP","01 May 2011","45","239.67","4755.316"
"USEP","01 May 2011","46","233.52","4595.356"
"USEP","01 May 2011","47","223.39","4483.000"
"USEP","01 May 2011","48","223.38","4395.597"
"USEP","02 May 2011","1","251.95","4321.127"
"USEP","02 May 2011","2","336.43","4266.591"
"USEP","02 May 2011","3","352.85","4293.702"
"USEP","02 May 2011","4","292.21","4224.495"
"USEP","02 May 2011","5","229.36","4171.053"
"USEP","02 May 2011","6","220.16","4137.818"
"USEP","02 May 2011","7","191.66","4077.890"
"USEP","02 May 2011","8","171.39","4038.050"
"USEP","02 May 2011","9","168.41","4021.689"
"USEP","02 May 2011","10","168.41","4012.758"
"USEP","02 May 2011","11","219.05","4027.559"
"USEP","02 May 2011","12","219.14","4062.205"
"USEP","02 May 2011","13","220.32","4110.806"
"USEP","02 May 2011","14","221.54","4150.417"
"USEP","02 May 2011","15","200.92","4155.516"
"USEP","02 May 2011","16","208.29","4237.646"
"USEP","02 May 2011","17","226.87","4370.066"
"USEP","02 May 2011","18","229.43","4500.027"
"USEP","02 May 2011","19","237.57","4619.794"
"USEP","02 May 2011","20","237.53","4701.332"
"USEP","02 May 2011","21","246.66","4764.620"
"USEP","02 May 2011","22","221.69","4708.111"
"USEP","02 May 2011","23","221.87","4733.955"
"USEP","02 May 2011","24","230.44","4763.785"
"USEP","02 May 2011","25","230.47","4762.498"
"USEP","02 May 2011","26","230.61","4798.918"
"USEP","02 May 2011","27","229.60","4815.955"
"USEP","02 May 2011","28","230.55","4826.476"
"USEP","02 May 2011","29","230.53","4825.398"
"USEP","02 May 2011","30","221.78","4795.404"
"USEP","02 May 2011","31","221.71","4753.711"
"USEP","02 May 2011","32","233.18","4802.998"
"USEP","02 May 2011","33","239.57","4812.590"
"USEP","02 May 2011","34","208.64","4782.641"
"USEP","02 May 2011","35","208.44","4738.950"
"USEP","02 May 2011","36","191.00","4724.477"
"USEP","02 May 2011","37","208.62","4761.533"
"USEP","02 May 2011","38","252.05","4882.304"
"USEP","02 May 2011","39","259.77","4930.653"
"USEP","02 May 2011","40","259.81","4938.326"
"USEP","02 May 2011","41","280.96","5032.170"
"USEP","02 May 2011","42","281.01","5027.990"
"USEP","02 May 2011","43","273.94","5019.307"
"USEP","02 May 2011","44","254.78","4939.887"
"USEP","02 May 2011","45","233.41","4801.770"
"USEP","02 May 2011","46","201.04","4673.341"
"USEP","02 May 2011","47","171.59","4549.414"
"USEP","02 May 2011","48","173.10","4479.143"
"USEP","03 May 2011","1","240.07","4415.934"
"USEP","03 May 2011","2","237.63","4359.073"
"USEP","03 May 2011","3","231.99","4245.041"
"USEP","03 May 2011","4","231.95","4211.841"
"USEP","03 May 2011","5","228.68","4126.069"
"USEP","03 May 2011","6","215.43","4055.301"
"USEP","03 May 2011","7","201.56","3991.720"
"USEP","03 May 2011","8","201.54","3977.009"
"USEP","03 May 2011","9","201.53","3990.020"
"USEP","03 May 2011","10","201.60","4011.933"
"USEP","03 May 2011","11","223.10","4082.040"
"USEP","03 May 2011","12","231.84","4225.648"
"USEP","03 May 2011","13","252.40","4396.691"
"USEP","03 May 2011","14","252.16","4536.502"
"USEP","03 May 2011","15","240.11","4727.146"
"USEP","03 May 2011","16","243.66","5018.776"
"USEP","03 May 2011","17","273.92","5336.523"
"USEP","03 May 2011","18","333.18","5610.131"
"USEP","03 May 2011","19","334.08","5798.961"
"USEP","03 May 2011","20","302.35","5893.436"
"USEP","03 May 2011","21","313.00","5958.081"
"USEP","03 May 2011","22","336.22","6000.326"
"USEP","03 May 2011","23","302.79","6016.642"
"USEP","03 May 2011","24","294.19","5984.819"
"USEP","03 May 2011","25","294.21","5944.682"
"USEP","03 May 2011","26","364.17","5990.227"
"USEP","03 May 2011","27","468.13","6076.526"
"USEP","03 May 2011","28","478.67","6118.885"
"USEP","03 May 2011","29","468.14","6087.172"
"USEP","03 May 2011","30","467.39","6040.200"
"USEP","03 May 2011","31","468.14","6097.390"
"USEP","03 May 2011","32","478.31","6115.332"
"USEP","03 May 2011","33","468.10","6077.763"
"USEP","03 May 2011","34","468.00","6040.583"
"USEP","03 May 2011","35","298.26","5963.841"
"USEP","03 May 2011","36","259.97","5795.696"
"USEP","03 May 2011","37","249.79","5681.321"
"USEP","03 May 2011","38","242.12","5628.510"
"USEP","03 May 2011","39","242.15","5636.452"
"USEP","03 May 2011","40","242.14","5628.058"
"USEP","03 May 2011","41","254.87","5626.925"
"USEP","03 May 2011","42","352.50","5562.936"
"USEP","03 May 2011","43","302.30","5473.426"
"USEP","03 May 2011","44","292.58","5331.533"
"USEP","03 May 2011","45","302.75","5167.334"
"USEP","03 May 2011","46","256.85","5020.913"
"USEP","03 May 2011","47","254.80","4829.170"
"USEP","03 May 2011","48","272.87","4730.724"
"USEP","04 May 2011","1","307.66","4615.092"
"USEP","04 May 2011","2","317.78","4495.802"
"USEP","04 May 2011","3","261.96","4282.102"
"USEP","04 May 2011","4","251.65","4226.021"
"USEP","04 May 2011","5","241.78","4208.208"
"USEP","04 May 2011","6","241.80","4212.314"
"USEP","04 May 2011","7","241.60","4191.112"
"USEP","04 May 2011","8","238.73","4165.919"
"USEP","04 May 2011","9","238.74","4169.507"
"USEP","04 May 2011","10","241.54","4196.743"
"USEP","04 May 2011","11","251.61","4273.574"
"USEP","04 May 2011","12","273.66","4413.042"
"USEP","04 May 2011","13","357.33","4565.278"
"USEP","04 May 2011","14","335.99","4680.761"
"USEP","04 May 2011","15","256.80","4858.573"
"USEP","04 May 2011","16","294.03","5158.214"
"USEP","04 May 2011","17","358.39","5487.253"
"USEP","04 May 2011","18","467.99","5724.923"
"USEP","04 May 2011","19","478.11","5864.744"
"USEP","04 May 2011","20","467.96","5945.318"
"USEP","04 May 2011","21","467.31","6015.191"
"USEP","04 May 2011","22","468.03","6066.780"
"USEP","04 May 2011","23","468.03","6073.415"
"USEP","04 May 2011","24","302.76","6023.059"
"USEP","04 May 2011","25","294.22","6001.837"
"USEP","04 May 2011","26","297.92","6018.759"
"USEP","04 May 2011","27","403.81","6083.871"
"USEP","04 May 2011","28","468.08","6130.763"
"USEP","04 May 2011","29","468.06","6143.805"
"USEP","04 May 2011","30","468.09","6136.832"
"USEP","04 May 2011","31","414.39","6108.458"
"USEP","04 May 2011","32","403.72","6077.654"
"USEP","04 May 2011","33","273.03","5896.830"
"USEP","04 May 2011","34","256.91","5811.461"
"USEP","04 May 2011","35","256.93","5777.193"
"USEP","04 May 2011","36","252.26","5725.947"
"USEP","04 May 2011","37","242.12","5635.433"
"USEP","04 May 2011","38","242.03","5623.997"
"USEP","04 May 2011","39","242.12","5642.913"
"USEP","04 May 2011","40","257.86","5685.446"
"USEP","04 May 2011","41","282.15","5641.467"
"USEP","04 May 2011","42","328.06","5534.756"
"USEP","04 May 2011","43","327.62","5441.618"
"USEP","04 May 2011","44","274.04","5287.752"
"USEP","04 May 2011","45","282.72","5139.358"
"USEP","04 May 2011","46","262.04","5013.189"
"USEP","04 May 2011","47","242.02","4886.459"
"USEP","04 May 2011","48","237.55","4742.488"
"USEP","05 May 2011","1","325.38","4592.245"
"USEP","05 May 2011","2","292.08","4466.743"
"USEP","05 May 2011","3","241.65","4311.435"
"USEP","05 May 2011","4","239.84","4230.424"
"USEP","05 May 2011","5","237.56","4207.801"
"USEP","05 May 2011","6","232.86","4207.642"
"USEP","05 May 2011","7","227.50","4174.646"
"USEP","05 May 2011","8","221.78","4159.428"
"USEP","05 May 2011","9","221.74","4159.224"
"USEP","05 May 2011","10","221.78","4183.075"
"USEP","05 May 2011","11","227.54","4240.021"
"USEP","05 May 2011","12","249.39","4371.065"
"USEP","05 May 2011","13","292.27","4530.438"
"USEP","05 May 2011","14","254.74","4638.710"
"USEP","05 May 2011","15","227.64","4799.112"
"USEP","05 May 2011","16","254.85","5094.036"
"USEP","05 May 2011","17","256.93","5359.196"
"USEP","05 May 2011","18","237.78","5550.029"
"USEP","05 May 2011","19","240.21","5651.621"
"USEP","05 May 2011","20","242.17","5685.625"
"USEP","05 May 2011","21","254.87","5768.759"
"USEP","05 May 2011","22","273.05","5825.243"
"USEP","05 May 2011","23","257.93","5862.503"
"USEP","05 May 2011","24","251.91","5814.150"
"USEP","05 May 2011","25","247.83","5769.415"
"USEP","05 May 2011","26","252.31","5821.709"
"USEP","05 May 2011","27","278.12","5885.519"
"USEP","05 May 2011","28","292.70","5925.696"
"USEP","05 May 2011","29","293.26","5952.783"
"USEP","05 May 2011","30","292.69","5929.876"
"USEP","05 May 2011","31","292.71","5929.260"
"USEP","05 May 2011","32","293.22","5934.329"
"USEP","05 May 2011","33","294.24","5939.727"
"USEP","05 May 2011","34","292.65","5883.610"
"USEP","05 May 2011","35","257.91","5835.272"
"USEP","05 May 2011","36","242.16","5699.636"
"USEP","05 May 2011","37","241.71","5614.361"
"USEP","05 May 2011","38","242.13","5640.239"
"USEP","05 May 2011","39","242.14","5641.084"
"USEP","05 May 2011","40","242.10","5589.078"
"USEP","05 May 2011","41","256.82","5529.513"
"USEP","05 May 2011","42","357.15","5465.087"
"USEP","05 May 2011","43","328.03","5416.629"
"USEP","05 May 2011","44","358.46","5474.480"
"USEP","05 May 2011","45","328.09","5350.170"
"USEP","05 May 2011","46","282.17","5134.606"
"USEP","05 May 2011","47","268.76","5004.119"
"USEP","05 May 2011","48","251.77","4835.378"
"USEP","06 May 2011","1","292.32","4671.914"
"USEP","06 May 2011","2","336.02","4606.206"
"USEP","06 May 2011","3","401.42","4538.564"
"USEP","06 May 2011","4","352.28","4469.695"
"USEP","06 May 2011","5","326.71","4412.813"
"USEP","06 May 2011","6","292.08","4374.634"
"USEP","06 May 2011","7","283.73","4316.385"
"USEP","06 May 2011","8","266.57","4294.319"
"USEP","06 May 2011","9","281.95","4307.439"
"USEP","06 May 2011","10","266.57","4320.724"
"USEP","06 May 2011","11","283.74","4391.626"
"USEP","06 May 2011","12","292.11","4525.742"
"USEP","06 May 2011","13","352.42","4661.666"
"USEP","06 May 2011","14","336.56","4754.451"
"USEP","06 May 2011","15","262.78","4910.131"
"USEP","06 May 2011","16","357.27","5225.324"
"USEP","06 May 2011","17","428.73","5544.612"
"USEP","06 May 2011","18","481.82","5739.366"
"USEP","06 May 2011","19","292.71","5762.536"
"USEP","06 May 2011","20","463.48","5945.924"
"USEP","06 May 2011","21","417.11","6047.044"
"USEP","06 May 2011","22","463.44","6096.286"
"USEP","06 May 2011","23","464.39","6117.409"
"USEP","06 May 2011","24","408.62","6092.296"
"USEP","06 May 2011","25","403.76","6048.187"
"USEP","06 May 2011","26","408.61","6076.958"
"USEP","06 May 2011","27","403.81","6147.567"
"USEP","06 May 2011","28","407.29","6214.329"
"USEP","06 May 2011","29","404.55","6229.378"
"USEP","06 May 2011","30","403.80","6222.718"
"USEP","06 May 2011","31","403.80","6191.894"
"USEP","06 May 2011","32","403.82","6146.647"
"USEP","06 May 2011","33","402.66","6111.360"
"USEP","06 May 2011","34","382.50","6086.794"
"USEP","06 May 2011","35","302.74","6028.545"
"USEP","06 May 2011","36","294.22","5994.536"
"USEP","06 May 2011","37","292.20","5885.961"
"USEP","06 May 2011","38","265.83","5833.205"
"USEP","06 May 2011","39","265.54","5830.223"
"USEP","06 May 2011","40","260.93","5761.125"
"USEP","06 May 2011","41","256.93","5711.360"
"USEP","06 May 2011","42","292.54","5669.503"
"USEP","06 May 2011","43","403.54","5592.184"
"USEP","06 May 2011","44","403.15","5466.871"
"USEP","06 May 2011","45","437.68","5340.310"
"USEP","06 May 2011","46","391.82","5273.563"
"USEP","06 May 2011","47","413.64","5164.307"
"USEP","06 May 2011","48","292.81","5013.348"
"USEP","07 May 2011","1","453.20","4902.781"
"USEP","07 May 2011","2","453.14","4826.029"
"USEP","07 May 2011","3","486.94","4730.968"
"USEP","07 May 2011","4","491.03","4660.578"
"USEP","07 May 2011","5","479.68","4568.046"
"USEP","07 May 2011","6","402.95","4490.484"
"USEP","07 May 2011","7","321.54","4409.727"
"USEP","07 May 2011","8","292.14","4359.480"
"USEP","07 May 2011","9","271.64","4288.066"
"USEP","07 May 2011","10","271.62","4277.083"
"USEP","07 May 2011","11","280.84","4295.651"
"USEP","07 May 2011","12","252.12","4313.398"
"USEP","07 May 2011","13","239.93","4333.706"
"USEP","07 May 2011","14","228.77","4307.419"
"USEP","07 May 2011","15","201.71","4314.174"
"USEP","07 May 2011","16","221.56","4421.446"
"USEP","07 May 2011","17","230.03","4556.740"
"USEP","07 May 2011","18","230.02","4646.468"
"USEP","07 May 2011","19","240.14","4737.190"
"USEP","07 May 2011","20","282.02","4859.731"
"USEP","07 May 2011","21","302.11","4930.016"
"USEP","07 May 2011","22","312.28","4986.714"
"USEP","07 May 2011","23","322.37","4994.358"
"USEP","07 May 2011","24","312.32","4984.945"
"USEP","07 May 2011","25","312.31","4991.207"
"USEP","07 May 2011","26","382.41","5033.661"
"USEP","07 May 2011","27","484.43","5143.145"
"USEP","07 May 2011","28","481.05","5118.896"
"USEP","07 May 2011","29","404.35","5075.965"
"USEP","07 May 2011","30","392.46","5050.415"
"USEP","07 May 2011","31","361.51","5021.559"
"USEP","07 May 2011","32","404.38","5076.751"
"USEP","07 May 2011","33","486.09","5114.080"
"USEP","07 May 2011","34","422.70","5099.265"
"USEP","07 May 2011","35","361.80","5024.412"
"USEP","07 May 2011","36","332.92","5008.294"
"USEP","07 May 2011","37","302.24","4961.725"
"USEP","07 May 2011","38","322.82","5001.445"
"USEP","07 May 2011","39","392.21","5051.284"
"USEP","07 May 2011","40","404.60","5076.731"
"USEP","07 May 2011","41","404.55","5072.710"
"USEP","07 May 2011","42","410.71","5085.816"
"USEP","07 May 2011","43","392.23","5057.825"
"USEP","07 May 2011","44","392.24","5048.148"
"USEP","07 May 2011","45","322.50","4993.091"
"USEP","07 May 2011","46","302.29","4953.554"
"USEP","07 May 2011","47","291.99","4880.490"
"USEP","07 May 2011","48","292.03","4855.715"
"USEP","08 May 2011","1","343.03","4790.772"
"USEP","08 May 2011","2","484.70","4728.090"
"USEP","08 May 2011","3","484.64","4644.907"
"USEP","08 May 2011","4","484.66","4599.780"
"USEP","08 May 2011","5","364.02","4517.153"
"USEP","08 May 2011","6","336.32","4443.319"
"USEP","08 May 2011","7","271.78","4388.038"
"USEP","08 May 2011","8","262.00","4336.325"
"USEP","08 May 2011","9","261.85","4289.463"
"USEP","08 May 2011","10","271.56","4271.531"
"USEP","08 May 2011","11","261.89","4267.570"
"USEP","08 May 2011","12","271.58","4298.846"
"USEP","08 May 2011","13","252.32","4324.715"
"USEP","08 May 2011","14","241.66","4324.879"
"USEP","08 May 2011","15","233.18","4298.230"
"USEP","08 May 2011","16","261.77","4366.299"
"USEP","08 May 2011","17","267.38","4484.948"
"USEP","08 May 2011","18","287.56","4591.460"
"USEP","08 May 2011","19","292.08","4679.817"
"USEP","08 May 2011","20","292.07","4730.764"
"USEP","08 May 2011","21","297.13","4778.029"
"USEP","08 May 2011","22","254.78","4815.632"
"USEP","08 May 2011","23","266.94","4886.047"
"USEP","08 May 2011","24","262.15","4878.850"
"USEP","08 May 2011","25","262.22","4878.512"
"USEP","08 May 2011","26","292.70","4924.231"
"USEP","08 May 2011","27","312.62","4975.035"
"USEP","08 May 2011","28","501.83","4987.922"
"USEP","08 May 2011","29","496.82","4961.134"
"USEP","08 May 2011","30","491.17","4973.862"
"USEP","08 May 2011","31","501.93","5095.403"
"USEP","08 May 2011","32","693.45","5068.312"
"USEP","08 May 2011","33","491.20","4972.515"
"USEP","08 May 2011","34","486.11","4927.750"
"USEP","08 May 2011","35","414.72","4920.534"
"USEP","08 May 2011","36","412.60","4916.006"
"USEP","08 May 2011","37","363.06","4913.958"
"USEP","08 May 2011","38","363.16","5006.713"
"USEP","08 May 2011","39","430.62","5079.807"
"USEP","08 May 2011","40","372.27","5100.557"
"USEP","08 May 2011","41","363.30","5107.406"
"USEP","08 May 2011","42","363.32","5100.701"
"USEP","08 May 2011","43","321.99","5111.685"
"USEP","08 May 2011","44","321.95","5091.412"
"USEP","08 May 2011","45","282.08","4966.248"
"USEP","08 May 2011","46","271.16","4850.099"
"USEP","08 May 2011","47","272.07","4952.923"
"USEP","08 May 2011","48","272.03","4935.762"
"USEP","09 May 2011","1","251.84","4717.221"
"USEP","09 May 2011","2","271.94","4615.520"
"USEP","09 May 2011","3","436.02","4654.698"
"USEP","09 May 2011","4","466.93","4615.207"
"USEP","09 May 2011","5","381.49","4514.753"
"USEP","09 May 2011","6","307.12","4437.345"
"USEP","09 May 2011","7","287.03","4395.026"
"USEP","09 May 2011","8","282.76","4363.292"
"USEP","09 May 2011","9","251.58","4342.145"
"USEP","09 May 2011","10","251.54","4358.471"
"USEP","09 May 2011","11","287.09","4410.219"
"USEP","09 May 2011","12","309.03","4549.687"
"USEP","09 May 2011","13","304.23","4709.443"
"USEP","09 May 2011","14","289.80","4808.689"
"USEP","09 May 2011","15","233.25","4893.228"
"USEP","09 May 2011","16","228.64","5136.246"
"USEP","09 May 2011","17","243.62","5447.185"
"USEP","09 May 2011","18","250.89","5705.108"
"USEP","09 May 2011","19","261.03","5887.974"
"USEP","09 May 2011","20","292.63","5982.031"
"USEP","09 May 2011","21","298.31","6051.815"
"USEP","09 May 2011","22","403.84","6108.413"
"USEP","09 May 2011","23","403.90","6131.926"
"USEP","09 May 2011","24","336.34","6099.870"
"USEP","09 May 2011","25","300.44","6054.245"
"USEP","09 May 2011","26","302.91","6073.176"
"USEP","09 May 2011","27","403.94","6125.177"
"USEP","09 May 2011","28","404.53","6176.408"
"USEP","09 May 2011","29","404.56","6176.607"
"USEP","09 May 2011","30","404.37","6146.066"
"USEP","09 May 2011","31","465.29","6247.558"
"USEP","09 May 2011","32","475.37","6258.085"
"USEP","09 May 2011","33","404.52","6170.275"
"USEP","09 May 2011","34","404.35","6147.557"
"USEP","09 May 2011","35","302.85","6071.899"
"USEP","09 May 2011","36","272.07","5928.643"
"USEP","09 May 2011","37","258.91","5825.869"
"USEP","09 May 2011","38","252.41","5789.424"
"USEP","09 May 2011","39","252.28","5773.594"
"USEP","09 May 2011","40","251.92","5714.243"
"USEP","09 May 2011","41","250.80","5654.444"
"USEP","09 May 2011","42","306.55","5635.965"
"USEP","09 May 2011","43","324.18","5600.524"
"USEP","09 May 2011","44","323.53","5540.839"
"USEP","09 May 2011","45","336.27","5451.016"
"USEP","09 May 2011","46","303.51","5354.509"
"USEP","09 May 2011","47","464.05","5302.046"
"USEP","09 May 2011","48","464.64","5206.632"
"USEP","10 May 2011","1","470.82","5034.252"
"USEP","10 May 2011","2","487.32","4894.108"
"USEP","10 May 2011","3","487.29","4770.842"
"USEP","10 May 2011","4","486.96","4664.658"
"USEP","10 May 2011","5","487.16","4646.160"
"USEP","10 May 2011","6","492.22","4662.287"
"USEP","10 May 2011","7","487.17","4611.454"
"USEP","10 May 2011","8","482.57","4556.700"
"USEP","10 May 2011","9","476.01","4541.830"
"USEP","10 May 2011","10","475.86","4549.588"
"USEP","10 May 2011","11","482.80","4630.857"
"USEP","10 May 2011","12","497.51","4757.031"
"USEP","10 May 2011","13","498.90","4900.723"
"USEP","10 May 2011","14","497.24","4985.735"
"USEP","10 May 2011","15","475.79","5117.047"
"USEP","10 May 2011","16","340.94","5242.137"
"USEP","10 May 2011","17","276.83","5439.705"
"USEP","10 May 2011","18","270.00","5705.192"
"USEP","10 May 2011","19","292.28","5896.035"
"USEP","10 May 2011","20","280.16","5915.155"
"USEP","10 May 2011","21","292.62","5958.826"
"USEP","10 May 2011","22","302.71","5998.109"
"USEP","10 May 2011","23","336.12","6001.056"
"USEP","10 May 2011","24","294.26","5961.028"
"USEP","10 May 2011","25","291.12","5938.832"
"USEP","10 May 2011","26","303.23","5995.316"
"USEP","10 May 2011","27","454.31","6081.178"
"USEP","10 May 2011","28","476.45","6143.909"
"USEP","10 May 2011","29","476.89","6151.896"
"USEP","10 May 2011","30","476.26","6142.806"
"USEP","10 May 2011","31","455.34","6105.421"
"USEP","10 May 2011","32","454.28","6093.513"
"USEP","10 May 2011","33","454.29","6088.921"
"USEP","10 May 2011","34","434.07","6069.598"
"USEP","10 May 2011","35","302.72","5990.654"
"USEP","10 May 2011","36","262.40","5847.145"
"USEP","10 May 2011","37","258.93","5754.857"
"USEP","10 May 2011","38","251.91","5750.489"
"USEP","10 May 2011","39","251.90","5732.850"
"USEP","10 May 2011","40","249.85","5699.447"
"USEP","10 May 2011","41","262.37","5690.720"
"USEP","10 May 2011","42","335.71","5663.101"
"USEP","10 May 2011","43","314.60","5593.283"
"USEP","10 May 2011","44","336.37","5482.705"
"USEP","10 May 2011","45","294.27","5341.175"
"USEP","10 May 2011","46","262.22","5230.204"
"USEP","10 May 2011","47","262.23","5106.267"
"USEP","10 May 2011","48","405.24","5105.209"
"USEP","11 May 2011","1","399.69","4988.990"
"USEP","11 May 2011","2","406.65","4795.180"
"USEP","11 May 2011","3","457.54","4664.136"
"USEP","11 May 2011","4","437.17","4588.821"
"USEP","11 May 2011","5","407.29","4562.525"
"USEP","11 May 2011","6","403.91","4514.331"
"USEP","11 May 2011","7","353.90","4468.681"
"USEP","11 May 2011","8","302.90","4442.599"
"USEP","11 May 2011","9","302.93","4441.301"
"USEP","11 May 2011","10","403.24","4491.150"
"USEP","11 May 2011","11","404.05","4539.812"
"USEP","11 May 2011","12","407.67","4636.374"
"USEP","11 May 2011","13","483.65","4774.227"
"USEP","11 May 2011","14","403.89","4865.645"
"USEP","11 May 2011","15","257.97","5008.378"
"USEP","11 May 2011","16","262.30","5226.397"
"USEP","11 May 2011","17","264.96","5476.885"
"USEP","11 May 2011","18","265.49","5656.123"
"USEP","11 May 2011","19","265.58","5879.455"
"USEP","11 May 2011","20","403.67","6059.866"
"USEP","11 May 2011","21","433.93","6072.381"
"USEP","11 May 2011","22","434.09","6128.567"
"USEP","11 May 2011","23","490.87","6173.535"
"USEP","11 May 2011","24","490.68","6153.695"
"USEP","11 May 2011","25","487.26","6112.330"
"USEP","11 May 2011","26","489.39","6123.617"
"USEP","11 May 2011","27","498.76","6178.237"
"USEP","11 May 2011","28","499.84","6213.265"
"USEP","11 May 2011","29","499.86","6224.592"
"USEP","11 May 2011","30","499.85","6208.489"
"USEP","11 May 2011","31","499.90","6216.889"
"USEP","11 May 2011","32","501.21","6243.274"
"USEP","11 May 2011","33","489.74","6241.381"
"USEP","11 May 2011","34","498.74","6150.698"
"USEP","11 May 2011","35","489.31","6055.229"
"USEP","11 May 2011","36","302.80","5881.309"
"USEP","11 May 2011","37","259.93","5769.946"
"USEP","11 May 2011","38","262.39","5822.097"
"USEP","11 May 2011","39","262.42","5837.012"
"USEP","11 May 2011","40","262.40","5816.341"
"USEP","11 May 2011","41","260.98","5786.621"
"USEP","11 May 2011","42","336.37","5745.623"
"USEP","11 May 2011","43","488.22","5681.217"
"USEP","11 May 2011","44","438.19","5560.655"
"USEP","11 May 2011","45","487.87","5423.080"
"USEP","11 May 2011","46","328.33","5329.813"
"USEP","11 May 2011","47","488.19","5316.180"
"USEP","11 May 2011","48","491.42","5239.349"
"USEP","12 May 2011","1","477.57","5065.827"
"USEP","12 May 2011","2","477.56","4863.841"
"USEP","12 May 2011","3","404.08","4706.287"
"USEP","12 May 2011","4","404.08","4640.166"
"USEP","12 May 2011","5","403.62","4618.566"
"USEP","12 May 2011","6","401.05","4569.473"
"USEP","12 May 2011","7","336.07","4538.092"
"USEP","12 May 2011","8","307.85","4500.857"
"USEP","12 May 2011","9","305.72","4488.800"
"USEP","12 May 2011","10","305.75","4508.396"
"USEP","12 May 2011","11","307.76","4551.943"
"USEP","12 May 2011","12","336.02","4660.180"
"USEP","12 May 2011","13","453.51","4804.216"
"USEP","12 May 2011","14","477.40","4889.198"
"USEP","12 May 2011","15","251.97","5016.653"
"USEP","12 May 2011","16","340.56","5247.068"
"USEP","12 May 2011","17","332.68","5489.097"
"USEP","12 May 2011","18","280.22","5681.108"
"USEP","12 May 2011","19","296.95","5839.720"
"USEP","12 May 2011","20","403.01","5991.728"
"USEP","12 May 2011","21","486.64","6058.823"
"USEP","12 May 2011","22","486.60","6037.805"
"USEP","12 May 2011","23","332.44","5978.204"
"USEP","12 May 2011","24","302.72","5930.731"
"USEP","12 May 2011","25","302.71","5861.623"
"USEP","12 May 2011","26","302.76","5872.920"
"USEP","12 May 2011","27","302.80","5917.038"
"USEP","12 May 2011","28","336.28","5970.451"
"USEP","12 May 2011","29","403.80","5968.036"
"USEP","12 May 2011","30","332.46","5931.556"
"USEP","12 May 2011","31","332.44","5914.549"
"USEP","12 May 2011","32","302.79","5899.032"
"USEP","12 May 2011","33","300.33","5892.303"
"USEP","12 May 2011","34","296.74","5870.852"
"USEP","12 May 2011","35","292.07","5793.628"
"USEP","12 May 2011","36","262.34","5666.888"
"USEP","12 May 2011","37","248.76","5569.372"
"USEP","12 May 2011","38","249.78","5588.010"
"USEP","12 May 2011","39","236.82","5599.967"
"USEP","12 May 2011","40","231.76","5575.247"
"USEP","12 May 2011","41","231.77","5557.365"
"USEP","12 May 2011","42","292.27","5532.589"
"USEP","12 May 2011","43","343.34","5493.480"
"USEP","12 May 2011","44","406.69","5404.378"
"USEP","12 May 2011","45","351.70","5311.543"
"USEP","12 May 2011","46","292.21","5134.512"
"USEP","12 May 2011","47","229.14","4894.039"
"USEP","12 May 2011","48","211.70","4750.102"
"USEP","13 May 2011","1","253.40","4644.699"
"USEP","13 May 2011","2","282.57","4567.395"
"USEP","13 May 2011","3","327.39","4504.614"
"USEP","13 May 2011","4","327.36","4420.338"
"USEP","13 May 2011","5","302.84","4364.888"
"USEP","13 May 2011","6","297.12","4314.855"
"USEP","13 May 2011","7","266.56","4275.139"
"USEP","13 May 2011","8","266.56","4268.778"
"USEP","13 May 2011","9","246.40","4252.645"
"USEP","13 May 2011","10","266.56","4265.234"
"USEP","13 May 2011","11","297.09","4319.815"
"USEP","13 May 2011","12","302.17","4420.104"
"USEP","13 May 2011","13","302.70","4541.492"
"USEP","13 May 2011","14","302.64","4668.808"
"USEP","13 May 2011","15","263.19","4878.796"
"USEP","13 May 2011","16","366.69","5195.389"
"USEP","13 May 2011","17","408.97","5507.192"
"USEP","13 May 2011","18","483.46","5707.439"
"USEP","13 May 2011","19","302.65","5837.091"
"USEP","13 May 2011","20","302.70","5902.208"
"USEP","13 May 2011","21","302.69","5966.793"
"USEP","13 May 2011","22","483.52","6036.264"
"USEP","13 May 2011","23","483.52","6046.621"
"USEP","13 May 2011","24","305.99","6012.423"
"USEP","13 May 2011","25","302.80","5981.648"
"USEP","13 May 2011","26","315.74","6005.062"
"USEP","13 May 2011","27","387.01","6063.932"
"USEP","13 May 2011","28","488.56","6101.659"
"USEP","13 May 2011","29","385.87","6059.931"
"USEP","13 May 2011","30","295.58","6002.865"
"USEP","13 May 2011","31","483.52","6073.588"
"USEP","13 May 2011","32","302.83","6040.066"
"USEP","13 May 2011","33","389.06","6024.783"
"USEP","13 May 2011","34","302.77","5989.272"
"USEP","13 May 2011","35","273.97","5912.784"
"USEP","13 May 2011","36","250.80","5766.373"
"USEP","13 May 2011","37","242.18","5664.612"
"USEP","13 May 2011","38","229.45","5652.923"
"USEP","13 May 2011","39","242.17","5680.790"
"USEP","13 May 2011","40","242.18","5666.615"
"USEP","13 May 2011","41","249.84","5587.050"
"USEP","13 May 2011","42","282.75","5549.219"
"USEP","13 May 2011","43","336.03","5484.211"
"USEP","13 May 2011","44","272.09","5372.426"
"USEP","13 May 2011","45","271.98","5232.535"
"USEP","13 May 2011","46","266.81","5106.834"
"USEP","13 May 2011","47","248.84","4985.059"
"USEP","13 May 2011","48","231.00","4884.044"
"USEP","14 May 2011","1","296.99","4780.270"
"USEP","14 May 2011","2","384.63","4677.520"
"USEP","14 May 2011","3","412.50","4517.168"
"USEP","14 May 2011","4","485.73","4436.078"
"USEP","14 May 2011","5","484.94","4384.589"
"USEP","14 May 2011","6","329.39","4328.398"
"USEP","14 May 2011","7","306.68","4283.603"
"USEP","14 May 2011","8","261.80","4262.317"
"USEP","14 May 2011","9","261.80","4262.913"
"USEP","14 May 2011","10","232.77","4225.434"
"USEP","14 May 2011","11","261.79","4263.818"
"USEP","14 May 2011","12","257.08","4289.527"
"USEP","14 May 2011","13","306.88","4352.810"
"USEP","14 May 2011","14","333.83","4400.687"
"USEP","14 May 2011","15","282.36","4466.201"
"USEP","14 May 2011","16","307.14","4606.047"
"USEP","14 May 2011","17","304.00","4827.843"
"USEP","14 May 2011","18","334.27","4994.691"
"USEP","14 May 2011","19","403.52","5143.513"
"USEP","14 May 2011","20","475.46","5259.194"
"USEP","14 May 2011","21","498.00","5350.011"
"USEP","14 May 2011","22","495.96","5436.062"
"USEP","14 May 2011","23","427.67","5450.440"
"USEP","14 May 2011","24","403.60","5416.366"
"USEP","14 May 2011","25","303.36","5361.194"
"USEP","14 May 2011","26","274.09","5269.626"
"USEP","14 May 2011","27","250.77","5197.069"
"USEP","14 May 2011","28","281.87","5191.901"
"USEP","14 May 2011","29","274.07","5160.371"
"USEP","14 May 2011","30","232.07","5143.200"
"USEP","14 May 2011","31","209.81","5106.243"
"USEP","14 May 2011","32","209.78","5089.747"
"USEP","14 May 2011","33","209.75","5054.162"
"USEP","14 May 2011","34","207.75","5007.265"
"USEP","14 May 2011","35","207.71","4983.911"
"USEP","14 May 2011","36","184.19","4951.457"
"USEP","14 May 2011","37","170.06","4937.551"
"USEP","14 May 2011","38","209.79","5018.234"
"USEP","14 May 2011","39","228.30","5097.858"
"USEP","14 May 2011","40","233.92","5112.376"
"USEP","14 May 2011","41","252.26","5117.867"
"USEP","14 May 2011","42","252.26","5128.126"
"USEP","14 May 2011","43","233.93","5112.480"
"USEP","14 May 2011","44","211.83","5032.731"
"USEP","14 May 2011","45","211.78","4962.734"
"USEP","14 May 2011","46","211.81","4889.993"
"USEP","14 May 2011","47","207.72","4821.173"
"USEP","14 May 2011","48","170.01","4748.552"
"USEP","15 May 2011","1","179.08","4657.695"
"USEP","15 May 2011","2","211.70","4559.816"
"USEP","15 May 2011","3","173.19","4411.789"
"USEP","15 May 2011","4","165.72","4302.112"
"USEP","15 May 2011","5","163.95","4238.983"
"USEP","15 May 2011","6","163.87","4204.824"
"USEP","15 May 2011","7","163.84","4143.002"
"USEP","15 May 2011","8","163.56","4109.504"
"USEP","15 May 2011","9","163.49","4098.038"
"USEP","15 May 2011","10","163.50","4086.622"
"USEP","15 May 2011","11","163.50","4087.273"
"USEP","15 May 2011","12","163.57","4111.959"
"USEP","15 May 2011","13","163.86","4143.057"
"USEP","15 May 2011","14","163.85","4148.727"
"USEP","15 May 2011","15","163.89","4174.015"
"USEP","15 May 2011","16","163.94","4264.588"
"USEP","15 May 2011","17","177.89","4388.053"
"USEP","15 May 2011","18","162.98","4502.621"
"USEP","15 May 2011","19","166.90","4607.270"
"USEP","15 May 2011","20","211.66","4712.062"
"USEP","15 May 2011","21","221.81","4778.899"
"USEP","15 May 2011","22","221.83","4844.070"
"USEP","15 May 2011","23","233.78","4881.807"
"USEP","15 May 2011","24","227.57","4861.793"
"USEP","15 May 2011","25","221.86","4846.317"
"USEP","15 May 2011","26","221.88","4854.015"
"USEP","15 May 2011","27","227.57","4866.609"
"USEP","15 May 2011","28","239.37","4898.328"
"USEP","15 May 2011","29","242.05","4934.410"
"USEP","15 May 2011","30","242.03","4933.282"
"USEP","15 May 2011","31","255.39","4913.849"
"USEP","15 May 2011","32","253.00","4894.158"
"USEP","15 May 2011","33","242.07","4844.214"
"USEP","15 May 2011","34","242.02","4826.367"
"USEP","15 May 2011","35","246.83","4820.989"
"USEP","15 May 2011","36","247.42","4799.877"
"USEP","15 May 2011","37","250.48","4828.897"
"USEP","15 May 2011","38","272.35","4936.646"
"USEP","15 May 2011","39","280.91","5024.362"
"USEP","15 May 2011","40","289.67","5070.558"
"USEP","15 May 2011","41","302.67","5124.984"
"USEP","15 May 2011","42","304.17","5177.010"
"USEP","15 May 2011","43","357.08","5201.334"
"USEP","15 May 2011","44","373.35","5169.198"
"USEP","15 May 2011","45","356.42","5097.093"
"USEP","15 May 2011","46","325.57","5007.116"
"USEP","15 May 2011","47","315.40","4906.608"
"USEP","15 May 2011","48","290.16","4735.177"
"USEP","16 May 2011","1","262.25","4570.129"
"USEP","16 May 2011","2","252.88","4465.431"
"USEP","16 May 2011","3","209.64","4375.578"
"USEP","16 May 2011","4","204.50","4306.132"
"USEP","16 May 2011","5","204.26","4276.864"
"USEP","16 May 2011","6","168.01","4249.375"
"USEP","16 May 2011","7","164.08","4211.916"
"USEP","16 May 2011","8","163.97","4178.125"
"USEP","16 May 2011","9","163.96","4173.423"
"USEP","16 May 2011","10","163.96","4193.711"
"USEP","16 May 2011","11","163.95","4239.663"
"USEP","16 May 2011","12","163.96","4335.247"
"USEP","16 May 2011","13","164.03","4492.204"
"USEP","16 May 2011","14","207.66","4648.108"
"USEP","16 May 2011","15","254.14","4841.565"
"USEP","16 May 2011","16","274.40","5143.403"
"USEP","16 May 2011","17","353.13","5455.425"
"USEP","16 May 2011","18","403.60","5697.921"
"USEP","16 May 2011","19","403.67","5859.620"
"USEP","16 May 2011","20","403.67","5940.835"
"USEP","16 May 2011","21","441.25","6013.824"
"USEP","16 May 2011","22","496.58","6056.596"
"USEP","16 May 2011","23","496.72","6068.599"
"USEP","16 May 2011","24","496.68","6040.613"
"USEP","16 May 2011","25","444.58","5994.839"
"USEP","16 May 2011","26","496.94","6018.710"
"USEP","16 May 2011","27","496.96","6085.586"
"USEP","16 May 2011","28","497.07","6106.917"
"USEP","16 May 2011","29","496.76","6123.000"
"USEP","16 May 2011","30","444.16","6112.896"
"USEP","16 May 2011","31","292.10","6091.058"
"USEP","16 May 2011","32","430.64","6032.949"
"USEP","16 May 2011","33","292.01","5997.215"
"USEP","16 May 2011","34","279.88","5915.383"
"USEP","16 May 2011","35","227.63","5837.295"
"USEP","16 May 2011","36","238.10","5701.852"
"USEP","16 May 2011","37","221.89","5603.536"
"USEP","16 May 2011","38","221.59","5603.079"
"USEP","16 May 2011","39","221.57","5605.623"
"USEP","16 May 2011","40","221.58","5604.172"
"USEP","16 May 2011","41","221.60","5610.052"
"USEP","16 May 2011","42","227.72","5564.382"
"USEP","16 May 2011","43","238.60","5457.502"
"USEP","16 May 2011","44","227.72","5336.577"
"USEP","16 May 2011","45","221.63","5171.017"
"USEP","16 May 2011","46","210.13","4988.742"
"USEP","16 May 2011","47","184.17","4796.527"
"USEP","16 May 2011","48","164.02","4604.770"
"USEP","17 May 2011","1","161.50","4500.673"
"USEP","17 May 2011","2","201.88","4455.317"
"USEP","17 May 2011","3","211.38","4470.117"
"USEP","17 May 2011","4","237.51","4398.828"
"USEP","17 May 2011","5","211.55","4338.820"
"USEP","17 May 2011","6","201.82","4288.305"
"USEP","17 May 2011","7","178.87","4251.999"
"USEP","17 May 2011","8","163.94","4225.081"
"USEP","17 May 2011","9","163.94","4201.066"
"USEP","17 May 2011","10","163.95","4215.907"
"USEP","17 May 2011","11","174.83","4247.854"
"USEP","17 May 2011","12","181.30","4262.088"
"USEP","17 May 2011","13","174.16","4311.102"
"USEP","17 May 2011","14","164.15","4290.815"
"USEP","17 May 2011","15","161.43","4278.022"
"USEP","17 May 2011","16","181.25","4343.049"
"USEP","17 May 2011","17","231.11","4412.311"
"USEP","17 May 2011","18","252.32","4558.330"
"USEP","17 May 2011","19","278.37","4712.703"
"USEP","17 May 2011","20","291.71","4863.697"
"USEP","17 May 2011","21","291.11","4983.364"
"USEP","17 May 2011","22","261.72","5057.949"
"USEP","17 May 2011","23","253.71","5060.996"
"USEP","17 May 2011","24","237.97","4998.876"
"USEP","17 May 2011","25","233.14","4931.532"
"USEP","17 May 2011","26","231.38","4920.419"
"USEP","17 May 2011","27","237.97","4961.104"
"USEP","17 May 2011","28","237.95","4971.744"
"USEP","17 May 2011","29","231.33","4928.580"
"USEP","17 May 2011","30","221.79","4863.274"
"USEP","17 May 2011","31","237.94","4958.649"
"USEP","17 May 2011","32","237.94","4975.492"
"USEP","17 May 2011","33","231.36","4922.268"
"USEP","17 May 2011","34","221.83","4876.072"
"USEP","17 May 2011","35","221.87","4872.697"
"USEP","17 May 2011","36","221.85","4856.137"
"USEP","17 May 2011","37","241.69","4866.187"
"USEP","17 May 2011","38","253.11","4953.912"
"USEP","17 May 2011","39","271.92","5100.095"
"USEP","17 May 2011","40","297.12","5200.017"
"USEP","17 May 2011","41","281.99","5138.801"
"USEP","17 May 2011","42","271.56","5076.850"
"USEP","17 May 2011","43","266.90","5034.690"
"USEP","17 May 2011","44","262.26","5009.149"
"USEP","17 May 2011","45","253.23","4995.402"
"USEP","17 May 2011","46","262.22","4913.923"
"USEP","17 May 2011","47","267.85","4799.927"
"USEP","17 May 2011","48","292.14","4784.425"
"USEP","18 May 2011","1","286.14","4798.813"
"USEP","18 May 2011","2","271.84","4709.751"
"USEP","18 May 2011","3","212.01","4399.772"
"USEP","18 May 2011","4","211.98","4369.390"
"USEP","18 May 2011","5","211.94","4283.986"
"USEP","18 May 2011","6","201.83","4220.897"
"USEP","18 May 2011","7","201.78","4191.206"
"USEP","18 May 2011","8","167.14","4166.008"
"USEP","18 May 2011","9","166.16","4158.802"
"USEP","18 May 2011","10","167.12","4174.512"
"USEP","18 May 2011","11","189.91","4231.816"
"USEP","18 May 2011","12","211.90","4377.646"
"USEP","18 May 2011","13","211.93","4513.103"
"USEP","18 May 2011","14","172.82","4620.808"
"USEP","18 May 2011","15","201.97","4798.749"
"USEP","18 May 2011","16","221.93","5116.903"
"USEP","18 May 2011","17","231.82","5429.392"
"USEP","18 May 2011","18","222.02","5624.763"
"USEP","18 May 2011","19","232.04","5782.332"
"USEP","18 May 2011","20","256.83","5908.649"
"USEP","18 May 2011","21","262.33","5997.344"
"USEP","18 May 2011","22","267.59","6076.083"
"USEP","18 May 2011","23","283.51","6154.435"
"USEP","18 May 2011","24","282.13","6122.255"
"USEP","18 May 2011","25","267.58","6051.999"
"USEP","18 May 2011","26","267.61","6070.691"
"USEP","18 May 2011","27","288.16","6139.615"
"USEP","18 May 2011","28","296.92","6174.350"
"USEP","18 May 2011","29","302.77","6188.038"
"USEP","18 May 2011","30","302.80","6184.196"
"USEP","18 May 2011","31","288.11","6167.840"
"USEP","18 May 2011","32","282.59","6171.547"
"USEP","18 May 2011","33","272.91","6108.910"
"USEP","18 May 2011","34","263.85","6018.894"
"USEP","18 May 2011","35","256.75","5889.420"
"USEP","18 May 2011","36","239.56","5742.910"
"USEP","18 May 2011","37","242.12","5684.582"
"USEP","18 May 2011","38","240.54","5678.951"
"USEP","18 May 2011","39","240.56","5700.033"
"USEP","18 May 2011","40","238.03","5678.359"
"USEP","18 May 2011","41","239.56","5680.765"
"USEP","18 May 2011","42","259.92","5624.609"
"USEP","18 May 2011","43","261.93","5561.201"
"USEP","18 May 2011","44","253.26","5432.618"
"USEP","18 May 2011","45","262.32","5285.988"
"USEP","18 May 2011","46","241.68","5159.879"
"USEP","18 May 2011","47","233.90","5034.530"
"USEP","18 May 2011","48","231.47","4913.809"
"USEP","19 May 2011","1","262.22","4780.459"
"USEP","19 May 2011","2","262.17","4651.796"
"USEP","19 May 2011","3","221.67","4447.906"
"USEP","19 May 2011","4","221.59","4417.097"
"USEP","19 May 2011","5","211.90","4374.688"
"USEP","19 May 2011","6","201.22","4336.832"
"USEP","19 May 2011","7","181.56","4306.247"
"USEP","19 May 2011","8","165.86","4275.358"
"USEP","19 May 2011","9","181.58","4249.494"
"USEP","19 May 2011","10","181.64","4272.803"
"USEP","19 May 2011","11","211.88","4327.299"
"USEP","19 May 2011","12","221.37","4420.184"
"USEP","19 May 2011","13","221.72","4547.858"
"USEP","19 May 2011","14","256.55","4666.482"
"USEP","19 May 2011","15","229.79","4859.358"
"USEP","19 May 2011","16","229.81","5138.389"
"USEP","19 May 2011","17","262.33","5422.026"
"USEP","19 May 2011","18","231.38","5631.497"
"USEP","19 May 2011","19","241.58","5786.074"
"USEP","19 May 2011","20","243.72","5880.628"
"USEP","19 May 2011","21","261.93","5965.421"
"USEP","19 May 2011","22","262.33","6035.767"
"USEP","19 May 2011","23","272.41","6045.448"
"USEP","19 May 2011","24","262.33","6006.146"
"USEP","19 May 2011","25","254.31","5966.192"
"USEP","19 May 2011","26","262.35","5997.816"
"USEP","19 May 2011","27","272.51","6052.377"
"USEP","19 May 2011","28","282.13","6097.350"
"USEP","19 May 2011","29","284.09","6119.139"
"USEP","19 May 2011","30","282.07","6083.340"
"USEP","19 May 2011","31","272.44","6056.000"
"USEP","19 May 2011","32","272.45","6050.592"
"USEP","19 May 2011","33","272.44","6058.226"
"USEP","19 May 2011","34","272.44","6051.169"
"USEP","19 May 2011","35","261.89","5978.164"
"USEP","19 May 2011","36","241.55","5844.218"
"USEP","19 May 2011","37","221.58","5727.030"
"USEP","19 May 2011","38","221.58","5725.495"
"USEP","19 May 2011","39","221.86","5723.715"
"USEP","19 May 2011","40","211.88","5699.730"
"USEP","19 May 2011","41","232.50","5670.213"
"USEP","19 May 2011","42","275.69","5622.173"
"USEP","19 May 2011","43","257.45","5539.950"
"USEP","19 May 2011","44","256.31","5425.153"
"USEP","19 May 2011","45","252.23","5296.609"
"USEP","19 May 2011","46","232.01","5165.649"
"USEP","19 May 2011","47","216.84","5036.449"
"USEP","19 May 2011","48","192.50","4892.264"
"USEP","20 May 2011","1","262.19","4774.768"
"USEP","20 May 2011","2","265.26","4665.304"
"USEP","20 May 2011","3","252.88","4571.167"
"USEP","20 May 2011","4","232.19","4497.850"
"USEP","20 May 2011","5","232.12","4447.047"
"USEP","20 May 2011","6","221.59","4403.932"
"USEP","20 May 2011","7","221.36","4370.186"
"USEP","20 May 2011","8","209.40","4338.238"
"USEP","20 May 2011","9","181.64","4334.466"
"USEP","20 May 2011","10","183.92","4342.036"
"USEP","20 May 2011","11","201.12","4389.464"
"USEP","20 May 2011","12","221.61","4507.899"
"USEP","20 May 2011","13","232.17","4648.153"
"USEP","20 May 2011","14","231.47","4752.751"
"USEP","20 May 2011","15","201.33","4926.841"
"USEP","20 May 2011","16","242.03","5181.811"
"USEP","20 May 2011","17","241.66","5496.099"
"USEP","20 May 2011","18","211.85","5672.326"
"USEP","20 May 2011","19","232.01","5904.877"
"USEP","20 May 2011","20","259.10","6010.549"
"USEP","20 May 2011","21","263.84","6088.836"
"USEP","20 May 2011","22","266.96","6144.689"
"USEP","20 May 2011","23","274.03","6150.261"
"USEP","20 May 2011","24","252.32","6087.564"
"USEP","20 May 2011","25","242.15","6041.298"
"USEP","20 May 2011","26","242.36","6054.076"
"USEP","20 May 2011","27","252.44","6079.587"
"USEP","20 May 2011","28","263.76","6129.889"
"USEP","20 May 2011","29","277.00","6191.040"
"USEP","20 May 2011","30","262.73","6225.183"
"USEP","20 May 2011","31","262.59","6220.661"
"USEP","20 May 2011","32","272.47","6172.924"
"USEP","20 May 2011","33","252.66","6057.560"
"USEP","20 May 2011","34","250.66","5988.805"
"USEP","20 May 2011","35","232.04","5872.507"
"USEP","20 May 2011","36","208.31","5724.133"
"USEP","20 May 2011","37","201.42","5640.980"
"USEP","20 May 2011","38","201.21","5629.151"
"USEP","20 May 2011","39","201.21","5632.079"
"USEP","20 May 2011","40","221.11","5627.705"
"USEP","20 May 2011","41","232.05","5585.554"
"USEP","20 May 2011","42","253.19","5520.934"
"USEP","20 May 2011","43","250.63","5454.819"
"USEP","20 May 2011","44","242.15","5345.911"
"USEP","20 May 2011","45","242.14","5230.875"
"USEP","20 May 2011","46","211.82","5113.956"
"USEP","20 May 2011","47","207.38","5009.740"
"USEP","20 May 2011","48","209.76","4907.671"
"USEP","21 May 2011","1","262.20","4798.411"
"USEP","21 May 2011","2","306.57","4693.325"
"USEP","21 May 2011","3","362.93","4565.884"
"USEP","21 May 2011","4","305.56","4476.648"
"USEP","21 May 2011","5","257.05","4403.410"
"USEP","21 May 2011","6","251.88","4358.004"
"USEP","21 May 2011","7","261.90","4323.761"
"USEP","21 May 2011","8","257.06","4293.901"
"USEP","21 May 2011","9","362.68","4287.271"
"USEP","21 May 2011","10","402.97","4284.234"
"USEP","21 May 2011","11","334.55","4287.539"
"USEP","21 May 2011","12","347.13","4325.704"
"USEP","21 May 2011","13","375.70","4385.046"
"USEP","21 May 2011","14","336.75","4408.360"
"USEP","21 May 2011","15","305.64","4462.369"
"USEP","21 May 2011","16","287.42","4634.301"
"USEP","21 May 2011","17","274.05","4847.758"
"USEP","21 May 2011","18","333.39","5040.987"
"USEP","21 May 2011","19","292.83","5195.156"
"USEP","21 May 2011","20","292.74","5317.502"
"USEP","21 May 2011","21","303.09","5394.980"
"USEP","21 May 2011","22","336.83","5423.940"
"USEP","21 May 2011","23","337.07","5412.921"
"USEP","21 May 2011","24","336.81","5382.585"
"USEP","21 May 2011","25","333.49","5373.653"
"USEP","21 May 2011","26","325.81","5337.969"
"USEP","21 May 2011","27","304.04","5294.978"
"USEP","21 May 2011","28","304.00","5273.195"
"USEP","21 May 2011","29","293.93","5211.626"
"USEP","21 May 2011","30","286.85","5154.795"
"USEP","21 May 2011","31","281.82","5115.343"
"USEP","21 May 2011","32","276.84","5086.134"
"USEP","21 May 2011","33","273.82","5064.922"
"USEP","21 May 2011","34","276.84","5082.491"
"USEP","21 May 2011","35","269.81","5034.590"
"USEP","21 May 2011","36","253.00","4930.986"
"USEP","21 May 2011","37","254.10","4945.458"
"USEP","21 May 2011","38","267.17","5060.797"
"USEP","21 May 2011","39","273.85","5136.594"
"USEP","21 May 2011","40","273.87","5136.515"
"USEP","21 May 2011","41","273.86","5137.156"
"USEP","21 May 2011","42","272.50","5132.042"
"USEP","21 May 2011","43","271.85","5108.663"
"USEP","21 May 2011","44","266.36","5056.990"
"USEP","21 May 2011","45","260.77","4979.194"
"USEP","21 May 2011","46","252.89","4909.291"
"USEP","21 May 2011","47","252.88","4816.661"
"USEP","21 May 2011","48","253.01","4715.730"
"USEP","22 May 2011","1","265.24","4623.119"
"USEP","22 May 2011","2","265.17","4538.072"
"USEP","22 May 2011","3","257.89","4422.813"
"USEP","22 May 2011","4","248.45","4345.331"
"USEP","22 May 2011","5","233.54","4290.929"
"USEP","22 May 2011","6","167.79","4223.367"
"USEP","22 May 2011","7","161.39","4175.655"
"USEP","22 May 2011","8","161.33","4125.353"
"USEP","22 May 2011","9","159.34","4107.074"
"USEP","22 May 2011","10","159.36","4129.667"
"USEP","22 May 2011","11","159.36","4127.128"
"USEP","22 May 2011","12","161.33","4150.318"
"USEP","22 May 2011","13","161.40","4195.937"
"USEP","22 May 2011","14","161.39","4202.239"
"USEP","22 May 2011","15","159.37","4203.755"
"USEP","22 May 2011","16","161.45","4287.659"
"USEP","22 May 2011","17","161.51","4433.225"
"USEP","22 May 2011","18","221.73","4568.185"
"USEP","22 May 2011","19","221.75","4666.089"
"USEP","22 May 2011","20","226.88","4757.518"
"USEP","22 May 2011","21","226.38","4810.443"
"USEP","22 May 2011","22","222.39","4842.609"
"USEP","22 May 2011","23","217.72","4856.247"
"USEP","22 May 2011","24","215.52","4843.146"
"USEP","22 May 2011","25","200.62","4828.603"
"USEP","22 May 2011","26","167.95","4846.232"
"USEP","22 May 2011","27","186.62","4900.251"
"USEP","22 May 2011","28","191.38","4940.583"
"USEP","22 May 2011","29","191.37","4928.446"
"USEP","22 May 2011","30","194.10","4953.718"
"USEP","22 May 2011","31","211.44","4946.790"
"USEP","22 May 2011","32","221.84","4928.863"
"USEP","22 May 2011","33","219.32","4918.695"
"USEP","22 May 2011","34","211.71","4886.280"
"USEP","22 May 2011","35","220.72","4882.518"
"USEP","22 May 2011","36","211.71","4855.213"
"USEP","22 May 2011","37","221.38","4884.188"
"USEP","22 May 2011","38","233.06","5000.123"
"USEP","22 May 2011","39","251.68","5145.118"
"USEP","22 May 2011","40","253.15","5205.156"
"USEP","22 May 2011","41","233.91","5190.579"
"USEP","22 May 2011","42","233.92","5199.763"
"USEP","22 May 2011","43","247.21","5224.494"
"USEP","22 May 2011","44","244.77","5195.474"
"USEP","22 May 2011","45","234.67","5100.706"
"USEP","22 May 2011","46","226.34","4999.239"
"USEP","22 May 2011","47","227.00","4865.247"
"USEP","22 May 2011","48","241.58","4739.188"
"USEP","23 May 2011","1","236.97","4607.011"
"USEP","23 May 2011","2","229.91","4525.140"
"USEP","23 May 2011","3","230.88","4415.015"
"USEP","23 May 2011","4","231.22","4348.745"
"USEP","23 May 2011","5","232.16","4271.168"
"USEP","23 May 2011","6","231.09","4223.919"
"USEP","23 May 2011","7","229.56","4189.606"
"USEP","23 May 2011","8","226.30","4164.293"
"USEP","23 May 2011","9","225.53","4156.336"
"USEP","23 May 2011","10","225.53","4163.846"
"USEP","23 May 2011","11","226.32","4191.599"
"USEP","23 May 2011","12","231.14","4280.909"
"USEP","23 May 2011","13","231.54","4434.502"
"USEP","23 May 2011","14","229.87","4588.761"
"USEP","23 May 2011","15","210.02","4788.247"
"USEP","23 May 2011","16","221.52","5084.867"
"USEP","23 May 2011","17","246.48","5397.052"
"USEP","23 May 2011","18","348.40","5656.794"
"USEP","23 May 2011","19","555.62","5816.804"
"USEP","23 May 2011","20","387.67","5943.772"
"USEP","23 May 2011","21","451.34","6037.983"
"USEP","23 May 2011","22","282.58","6089.353"
"USEP","23 May 2011","23","297.11","6069.791"
"USEP","23 May 2011","24","292.06","6027.576"
"USEP","23 May 2011","25","292.09","6016.558"
"USEP","23 May 2011","26","305.20","6041.393"
"USEP","23 May 2011","27","330.38","6093.980"
"USEP","23 May 2011","28","341.49","6111.664"
"USEP","23 May 2011","29","449.65","6116.534"
"USEP","23 May 2011","30","591.86","6155.176"
"USEP","23 May 2011","31","562.91","6169.624"
"USEP","23 May 2011","32","556.03","6183.331"
"USEP","23 May 2011","33","530.16","6135.723"
"USEP","23 May 2011","34","310.22","6078.921"
"USEP","23 May 2011","35","302.15","6003.536"
"USEP","23 May 2011","36","278.52","5903.227"
"USEP","23 May 2011","37","279.42","5834.159"
"USEP","23 May 2011","38","293.78","5883.551"
"USEP","23 May 2011","39","264.92","5831.684"
"USEP","23 May 2011","40","262.40","5763.028"
"USEP","23 May 2011","41","264.94","5716.186"
"USEP","23 May 2011","42","264.87","5685.079"
"USEP","23 May 2011","43","282.67","5632.556"
"USEP","23 May 2011","44","253.26","5520.701"
"USEP","23 May 2011","45","238.81","5380.870"
"USEP","23 May 2011","46","228.88","5296.276"
"USEP","23 May 2011","47","242.24","5157.230"
"USEP","23 May 2011","48","229.54","5018.353"
"USEP","24 May 2011","1","289.01","4869.601"
"USEP","24 May 2011","2","274.97","4748.661"
"USEP","24 May 2011","3","246.34","4610.122"
"USEP","24 May 2011","4","232.19","4525.523"
"USEP","24 May 2011","5","232.13","4478.387"
"USEP","24 May 2011","6","232.16","4479.158"
"USEP","24 May 2011","7","221.74","4441.868"
"USEP","24 May 2011","8","219.05","4411.357"
"USEP","24 May 2011","9","214.10","4390.071"
"USEP","24 May 2011","10","214.12","4397.471"
"USEP","24 May 2011","11","230.68","4462.777"
"USEP","24 May 2011","12","241.95","4578.926"
"USEP","24 May 2011","13","266.56","4704.259"
"USEP","24 May 2011","14","266.90","4828.415"
"USEP","24 May 2011","15","266.99","4994.810"
"USEP","24 May 2011","16","266.74","5218.689"
"USEP","24 May 2011","17","267.45","5472.621"
"USEP","24 May 2011","18","262.36","5640.985"
"USEP","24 May 2011","19","300.32","5956.361"
"USEP","24 May 2011","20","466.23","6094.870"
"USEP","24 May 2011","21","307.18","6140.788"
"USEP","24 May 2011","22","291.30","6179.584"
"USEP","24 May 2011","23","302.88","6194.852"
"USEP","24 May 2011","24","279.00","6113.716"
"USEP","24 May 2011","25","268.57","6087.256"
"USEP","24 May 2011","26","269.49","6107.906"
"USEP","24 May 2011","27","291.32","6165.881"
"USEP","24 May 2011","28","337.35","6251.649"
"USEP","24 May 2011","29","333.71","6249.238"
"USEP","24 May 2011","30","307.21","6241.912"
"USEP","24 May 2011","31","302.88","6218.991"
"USEP","24 May 2011","32","337.35","6256.142"
"USEP","24 May 2011","33","353.43","6285.559"
"USEP","24 May 2011","34","353.40","6272.473"
"USEP","24 May 2011","35","302.89","6210.179"
"USEP","24 May 2011","36","252.38","6016.364"
"USEP","24 May 2011","37","241.63","5844.193"
"USEP","24 May 2011","38","249.17","5818.891"
"USEP","24 May 2011","39","249.20","5864.202"
"USEP","24 May 2011","40","249.21","5870.693"
"USEP","24 May 2011","41","250.93","5825.138"
"USEP","24 May 2011","42","305.76","5766.979"
"USEP","24 May 2011","43","277.28","5686.734"
"USEP","24 May 2011","44","250.06","5563.030"
"USEP","24 May 2011","45","245.13","5418.070"
"USEP","24 May 2011","46","227.60","5310.629"
"USEP","24 May 2011","47","221.96","5085.900"
"USEP","24 May 2011","48","214.32","4889.198"
"USEP","25 May 2011","1","270.91","4883.502"
"USEP","25 May 2011","2","262.57","4711.466"
"USEP","25 May 2011","3","241.20","4584.089"
"USEP","25 May 2011","4","230.51","4488.024"
"USEP","25 May 2011","5","229.49","4455.312"
"USEP","25 May 2011","6","232.24","4441.535"
"USEP","25 May 2011","7","232.17","4400.811"
"USEP","25 May 2011","8","231.45","4367.696"
"USEP","25 May 2011","9","221.70","4343.452"
"USEP","25 May 2011","10","231.48","4359.555"
"USEP","25 May 2011","11","221.74","4361.886"
"USEP","25 May 2011","12","232.26","4468.661"
"USEP","25 May 2011","13","242.24","4635.285"
"USEP","25 May 2011","14","236.52","4735.749"
"USEP","25 May 2011","15","235.73","4877.588"
"USEP","25 May 2011","16","235.94","5145.521"
"USEP","25 May 2011","17","240.43","5430.083"
"USEP","25 May 2011","18","229.68","5667.221"
"USEP","25 May 2011","19","226.76","5821.992"
"USEP","25 May 2011","20","229.80","5944.319"
"USEP","25 May 2011","21","227.78","6013.780"
"USEP","25 May 2011","22","233.93","6058.495"
"USEP","25 May 2011","23","229.94","6056.318"
"USEP","25 May 2011","24","226.68","5999.198"
"USEP","25 May 2011","25","216.56","5931.292"
"USEP","25 May 2011","26","217.41","5951.505"
"USEP","25 May 2011","27","228.48","6025.196"
"USEP","25 May 2011","28","228.76","6052.809"
"USEP","25 May 2011","29","228.48","6055.975"
"USEP","25 May 2011","30","226.57","6016.061"
"USEP","25 May 2011","31","222.13","5992.811"
"USEP","25 May 2011","32","222.13","5977.697"
"USEP","25 May 2011","33","222.13","5992.324"
"USEP","25 May 2011","34","228.46","5970.769"
"USEP","25 May 2011","35","228.45","5877.100"
"USEP","25 May 2011","36","215.24","5737.055"
"USEP","25 May 2011","37","216.82","5647.630"
"USEP","25 May 2011","38","220.08","5658.400"
"USEP","25 May 2011","39","214.76","5659.389"
"USEP","25 May 2011","40","211.94","5615.638"
"USEP","25 May 2011","41","211.77","5585.276"
"USEP","25 May 2011","42","221.51","5547.618"
"USEP","25 May 2011","43","222.11","5481.140"
"USEP","25 May 2011","44","214.25","5362.377"
"USEP","25 May 2011","45","212.50","5230.428"
"USEP","25 May 2011","46","222.05","5107.768"
"USEP","25 May 2011","47","215.68","4993.275"
"USEP","25 May 2011","48","211.90","4911.503"
"USEP","26 May 2011","1","252.79","4752.478"
"USEP","26 May 2011","2","262.30","4620.385"
"USEP","26 May 2011","3","242.04","4545.164"
"USEP","26 May 2011","4","215.55","4472.433"
"USEP","26 May 2011","5","205.81","4349.406"
"USEP","26 May 2011","6","205.81","4302.355"
"USEP","26 May 2011","7","201.32","4286.128"
"USEP","26 May 2011","8","196.57","4248.346"
"USEP","26 May 2011","9","186.27","4174.050"
"USEP","26 May 2011","10","186.07","4155.462"
"USEP","26 May 2011","11","196.51","4256.184"
"USEP","26 May 2011","12","205.83","4381.741"
"USEP","26 May 2011","13","205.99","4519.668"
"USEP","26 May 2011","14","191.38","4638.243"
"USEP","26 May 2011","15","192.94","4789.072"
"USEP","26 May 2011","16","196.65","5123.523"
"USEP","26 May 2011","17","246.65","5479.683"
"USEP","26 May 2011","18","233.53","5690.889"
"USEP","26 May 2011","19","222.02","5775.294"
"USEP","26 May 2011","20","221.49","5849.690"
"USEP","26 May 2011","21","221.48","5925.885"
"USEP","26 May 2011","22","224.50","5979.109"
"USEP","26 May 2011","23","224.50","5984.804"
"USEP","26 May 2011","24","222.06","5945.999"
"USEP","26 May 2011","25","213.30","5915.284"
"USEP","26 May 2011","26","213.57","5922.948"
"USEP","26 May 2011","27","222.00","5995.415"
"USEP","26 May 2011","28","224.54","6049.071"
"USEP","26 May 2011","29","242.76","6067.460"
"USEP","26 May 2011","30","234.13","6064.339"
"USEP","26 May 2011","31","232.87","6049.767"
"USEP","26 May 2011","32","234.15","6038.247"
"USEP","26 May 2011","33","232.84","6021.264"
"USEP","26 May 2011","34","234.11","6000.172"
"USEP","26 May 2011","35","246.72","5905.518"
"USEP","26 May 2011","36","226.53","5762.278"
"USEP","26 May 2011","37","221.96","5661.834"
"USEP","26 May 2011","38","222.02","5660.636"
"USEP","26 May 2011","39","213.51","5665.124"
"USEP","26 May 2011","40","211.93","5648.276"
"USEP","26 May 2011","41","211.92","5614.758"
"USEP","26 May 2011","42","234.04","5556.003"
"USEP","26 May 2011","43","222.08","5478.426"
"USEP","26 May 2011","44","221.48","5365.244"
"USEP","26 May 2011","45","221.46","5234.255"
"USEP","26 May 2011","46","222.01","5120.039"
"USEP","26 May 2011","47","223.49","5024.923"
"USEP","26 May 2011","48","221.69","4884.422"
"USEP","27 May 2011","1","251.46","4731.992"
"USEP","27 May 2011","2","260.06","4617.567"
"USEP","27 May 2011","3","232.29","4504.917"
"USEP","27 May 2011","4","226.58","4445.416"
"USEP","27 May 2011","5","221.79","4396.283"
"USEP","27 May 2011","6","215.74","4361.771"
"USEP","27 May 2011","7","211.26","4328.512"
"USEP","27 May 2011","8","210.46","4316.460"
"USEP","27 May 2011","9","206.31","4299.005"
"USEP","27 May 2011","10","206.35","4301.287"
"USEP","27 May 2011","11","215.52","4354.152"
"USEP","27 May 2011","12","232.28","4477.334"
"USEP","27 May 2011","13","226.65","4621.523"
"USEP","27 May 2011","14","211.38","4728.672"
"USEP","27 May 2011","15","202.03","4853.399"
"USEP","27 May 2011","16","199.15","5120.591"
"USEP","27 May 2011","17","221.94","5408.404"
"USEP","27 May 2011","18","242.19","5700.098"
"USEP","27 May 2011","19","257.28","5832.091"
"USEP","27 May 2011","20","257.01","5910.150"
"USEP","27 May 2011","21","262.48","5979.969"
"USEP","27 May 2011","22","278.99","6016.786"
"USEP","27 May 2011","23","283.00","6049.295"
"USEP","27 May 2011","24","274.96","5996.176"
"USEP","27 May 2011","25","257.33","5945.705"
"USEP","27 May 2011","26","251.74","5926.263"
"USEP","27 May 2011","27","257.36","5971.023"
"USEP","27 May 2011","28","270.90","5996.052"
"USEP","27 May 2011","29","270.95","6015.484"
"USEP","27 May 2011","30","263.00","5977.792"
"USEP","27 May 2011","31","251.75","5950.258"
"USEP","27 May 2011","32","249.73","5911.899"
"USEP","27 May 2011","33","242.65","5864.108"
"USEP","27 May 2011","34","226.55","5832.086"
"USEP","27 May 2011","35","223.94","5778.336"
"USEP","27 May 2011","36","212.80","5600.897"
"USEP","27 May 2011","37","211.86","5483.818"
"USEP","27 May 2011","38","211.86","5513.479"
"USEP","27 May 2011","39","211.88","5520.920"
"USEP","27 May 2011","40","211.72","5492.670"
"USEP","27 May 2011","41","206.30","5440.878"
"USEP","27 May 2011","42","216.57","5368.907"
"USEP","27 May 2011","43","233.71","5305.604"
"USEP","27 May 2011","44","225.11","5211.204"
"USEP","27 May 2011","45","225.06","5109.483"
"USEP","27 May 2011","46","212.67","5014.636"
"USEP","27 May 2011","47","211.86","4895.917"
"USEP","27 May 2011","48","200.80","4779.207"
"USEP","28 May 2011","1","225.02","4672.103"
"USEP","28 May 2011","2","259.63","4546.109"
"USEP","28 May 2011","3","252.52","4454.298"
"USEP","28 May 2011","4","234.53","4371.647"
"USEP","28 May 2011","5","223.29","4306.127"
"USEP","28 May 2011","6","204.34","4249.320"
"USEP","28 May 2011","7","201.96","4218.715"
"USEP","28 May 2011","8","200.52","4188.979"
"USEP","28 May 2011","9","200.29","4166.107"
"USEP","28 May 2011","10","200.51","4187.250"
"USEP","28 May 2011","11","201.98","4214.426"
"USEP","28 May 2011","12","215.76","4285.159"
"USEP","28 May 2011","13","224.96","4336.300"
"USEP","28 May 2011","14","233.47","4356.384"
"USEP","28 May 2011","15","213.74","4420.571"
"USEP","28 May 2011","16","223.92","4603.348"
"USEP","28 May 2011","17","221.86","4836.615"
"USEP","28 May 2011","18","246.82","5022.548"
"USEP","28 May 2011","19","283.53","5156.827"
"USEP","28 May 2011","20","298.16","5291.708"
"USEP","28 May 2011","21","331.68","5355.846"
"USEP","28 May 2011","22","341.93","5408.026"
"USEP","28 May 2011","23","339.48","5391.471"
"USEP","28 May 2011","24","331.75","5357.377"
"USEP","28 May 2011","25","353.17","5306.156"
"USEP","28 May 2011","26","292.56","5253.797"
"USEP","28 May 2011","27","271.26","5197.074"
"USEP","28 May 2011","28","274.85","5209.947"
"USEP","28 May 2011","29","276.94","5214.922"
"USEP","28 May 2011","30","263.86","5206.796"
"USEP","28 May 2011","31","266.33","5201.269"
"USEP","28 May 2011","32","251.74","5133.583"
"USEP","28 May 2011","33","243.64","5063.103"
"USEP","28 May 2011","34","247.44","5012.424"
"USEP","28 May 2011","35","238.45","4977.520"
"USEP","28 May 2011","36","233.98","4931.855"
"USEP","28 May 2011","37","237.54","4949.648"
"USEP","28 May 2011","38","241.61","5012.891"
"USEP","28 May 2011","39","254.30","5078.719"
"USEP","28 May 2011","40","259.67","5101.993"
"USEP","28 May 2011","41","261.04","5107.177"
"USEP","28 May 2011","42","259.39","5099.757"
"USEP","28 May 2011","43","254.61","5082.526"
"USEP","28 May 2011","44","250.76","5021.509"
"USEP","28 May 2011","45","238.28","4936.274"
"USEP","28 May 2011","46","233.61","4877.831"
"USEP","28 May 2011","47","237.67","4819.995"
"USEP","28 May 2011","48","225.95","4757.219"
"USEP","29 May 2011","1","243.72","4675.373"
"USEP","29 May 2011","2","271.83","4594.472"
"USEP","29 May 2011","3","252.52","4433.812"
"USEP","29 May 2011","4","252.49","4365.171"
"USEP","29 May 2011","5","242.32","4282.038"
"USEP","29 May 2011","6","235.88","4251.353"
"USEP","29 May 2011","7","225.51","4223.864"
"USEP","29 May 2011","8","198.04","4186.470"
"USEP","29 May 2011","9","189.66","4137.475"
"USEP","29 May 2011","10","189.60","4130.214"
"USEP","29 May 2011","11","196.48","4163.116"
"USEP","29 May 2011","12","201.51","4180.168"
"USEP","29 May 2011","13","205.50","4209.515"
"USEP","29 May 2011","14","191.22","4210.480"
"USEP","29 May 2011","15","186.43","4211.866"
"USEP","29 May 2011","16","173.25","4290.646"
"USEP","29 May 2011","17","180.34","4398.410"
"USEP","29 May 2011","18","189.87","4479.824"
"USEP","29 May 2011","19","210.34","4577.146"
"USEP","29 May 2011","20","256.10","4779.207"
"USEP","29 May 2011","21","259.32","4821.491"
"USEP","29 May 2011","22","208.78","4765.465"
"USEP","29 May 2011","23","208.77","4788.486"
"USEP","29 May 2011","24","213.32","4797.297"
"USEP","29 May 2011","25","215.65","4819.165"
"USEP","29 May 2011","26","214.45","4806.547"
"USEP","29 May 2011","27","213.16","4795.449"
"USEP","29 May 2011","28","213.30","4801.517"
"USEP","29 May 2011","29","221.52","4865.063"
"USEP","29 May 2011","30","221.93","4870.689"
"USEP","29 May 2011","31","231.60","4900.246"
"USEP","29 May 2011","32","221.89","4868.657"
"USEP","29 May 2011","33","221.49","4840.954"
"USEP","29 May 2011","34","215.83","4794.519"
"USEP","29 May 2011","35","221.87","4741.907"
"USEP","29 May 2011","36","221.87","4716.749"
"USEP","29 May 2011","37","242.07","4786.135"
"USEP","29 May 2011","38","242.67","4925.837"
"USEP","29 May 2011","39","324.46","5037.552"
"USEP","29 May 2011","40","428.11","5089.802"
"USEP","29 May 2011","41","428.11","5103.325"
"USEP","29 May 2011","42","428.11","5098.534"
"USEP","29 May 2011","43","539.91","5099.747"
"USEP","29 May 2011","44","510.31","5060.707"
"USEP","29 May 2011","45","292.63","4974.831"
"USEP","29 May 2011","46","245.69","4869.273"
"USEP","29 May 2011","47","221.58","4768.089"
"USEP","29 May 2011","48","216.87","4609.173"
"USEP","30 May 2011","1","208.75","4504.873"
"USEP","30 May 2011","2","221.85","4458.463"
"USEP","30 May 2011","3","201.97","4366.041"
"USEP","30 May 2011","4","201.94","4296.545"
"USEP","30 May 2011","5","190.25","4232.432"
"USEP","30 May 2011","6","171.60","4184.700"
"USEP","30 May 2011","7","171.54","4164.820"
"USEP","30 May 2011","8","171.49","4145.735"
"USEP","30 May 2011","9","171.24","4113.470"
"USEP","30 May 2011","10","171.24","4129.747"
"USEP","30 May 2011","11","171.62","4214.471"
"USEP","30 May 2011","12","171.72","4344.133"
"USEP","30 May 2011","13","171.67","4497.318"
"USEP","30 May 2011","14","171.50","4625.430"
"USEP","30 May 2011","15","171.71","4807.799"
"USEP","30 May 2011","16","208.83","5135.784"
"USEP","30 May 2011","17","252.23","5549.924"
"USEP","30 May 2011","18","252.29","5810.452"
"USEP","30 May 2011","19","246.36","5903.127"
"USEP","30 May 2011","20","252.38","5982.742"
"USEP","30 May 2011","21","252.37","6033.292"
"USEP","30 May 2011","22","256.54","6093.096"
"USEP","30 May 2011","23","289.85","6124.019"
"USEP","30 May 2011","24","252.15","6037.476"
"USEP","30 May 2011","25","243.02","5948.792"
"USEP","30 May 2011","26","243.01","5949.940"
"USEP","30 May 2011","27","252.32","6042.248"
"USEP","30 May 2011","28","248.36","6081.531"
"USEP","30 May 2011","29","255.44","6153.859"
"USEP","30 May 2011","30","248.28","6090.516"
"USEP","30 May 2011","31","246.97","6050.438"
"USEP","30 May 2011","32","244.05","6022.537"
"USEP","30 May 2011","33","244.04","6020.111"
"USEP","30 May 2011","34","242.31","5987.389"
"USEP","30 May 2011","35","236.22","5907.352"
"USEP","30 May 2011","36","221.41","5715.068"
"USEP","30 May 2011","37","217.01","5601.468"
"USEP","30 May 2011","38","216.95","5596.841"
"USEP","30 May 2011","39","217.90","5640.751"
"USEP","30 May 2011","40","217.91","5631.651"
"USEP","30 May 2011","41","221.57","5602.597"
"USEP","30 May 2011","42","233.05","5556.475"
"USEP","30 May 2011","43","243.17","5492.576"
"USEP","30 May 2011","44","233.73","5386.849"
"USEP","30 May 2011","45","247.31","5250.636"
"USEP","30 May 2011","46","233.87","5104.101"
"USEP","30 May 2011","47","232.96","4949.891"
"USEP","30 May 2011","48","230.58","4817.028"
"USEP","31 May 2011","1","233.91","4706.063"
"USEP","31 May 2011","2","244.82","4611.275"
"USEP","31 May 2011","3","230.43","4456.783"
"USEP","31 May 2011","4","221.91","4362.050"
"USEP","31 May 2011","5","220.03","4324.650"
"USEP","31 May 2011","6","219.16","4307.852"
"USEP","31 May 2011","7","219.14","4294.105"
"USEP","31 May 2011","8","212.58","4267.018"
"USEP","31 May 2011","9","210.31","4241.786"
"USEP","31 May 2011","10","202.50","4241.671"
"USEP","31 May 2011","11","212.59","4297.360"
"USEP","31 May 2011","12","221.37","4427.853"
"USEP","31 May 2011","13","231.43","4564.319"
"USEP","31 May 2011","14","222.80","4687.321"
"USEP","31 May 2011","15","205.35","4838.698"
"USEP","31 May 2011","16","229.49","5154.104"
"USEP","31 May 2011","17","236.51","5486.239"
"USEP","31 May 2011","18","233.01","5711.186"
"USEP","31 May 2011","19","238.07","5840.898"
"USEP","31 May 2011","20","238.28","5944.528"
"USEP","31 May 2011","21","243.15","6020.792"
"USEP","31 May 2011","22","248.23","6079.816"
"USEP","31 May 2011","23","248.26","6081.431"
"USEP","31 May 2011","24","244.88","6043.212"
"USEP","31 May 2011","25","243.19","6004.908"
"USEP","31 May 2011","26","243.28","6011.662"
"USEP","31 May 2011","27","246.97","6052.367"
"USEP","31 May 2011","28","244.94","6031.751"
"USEP","31 May 2011","29","246.96","6054.007"
"USEP","31 May 2011","30","244.94","6035.046"
"USEP","31 May 2011","31","243.21","6007.542"
"USEP","31 May 2011","32","238.17","5936.178"
"USEP","31 May 2011","33","233.77","5901.438"
"USEP","31 May 2011","34","233.03","5869.312"
"USEP","31 May 2011","35","226.68","5768.336"
"USEP","31 May 2011","36","217.81","5640.115"
"USEP","31 May 2011","37","206.46","5539.343"
"USEP","31 May 2011","38","212.78","5566.226"
"USEP","31 May 2011","39","213.66","5599.595"
"USEP","31 May 2011","40","211.48","5569.248"
"USEP","31 May 2011","41","206.45","5504.041"
"USEP","31 May 2011","42","241.78","5439.834"
"USEP","31 May 2011","43","233.04","5345.160"
"USEP","31 May 2011","44","231.69","5223.564"
"USEP","31 May 2011","45","219.63","5099.980"
"USEP","31 May 2011","46","202.72","4972.629"
"USEP","31 May 2011","47","191.35","4871.997"
"USEP","31 May 2011","48","191.30","4781.493"
