"INFORMATION TYPE","DATE","PERIOD","USEP ($/MWh)","LCP ($/MWh)","DEMAND (MW)","TCL (MW)"
"USEP","01 Nov 2018","1","110.87","0.00","5305.788","0.000"
"USEP","01 Nov 2018","2","108.75","0.00","5197.343","0.000"
"USEP","01 Nov 2018","3","108.68","0.00","5149.477","0.000"
"USEP","01 Nov 2018","4","104.10","0.00","5081.671","0.000"
"USEP","01 Nov 2018","5","102.78","0.00","5026.245","0.000"
"USEP","01 Nov 2018","6","102.76","0.00","4981.123","0.000"
"USEP","01 Nov 2018","7","102.61","0.00","4953.713","0.000"
"USEP","01 Nov 2018","8","101.76","0.00","4927.561","0.000"
"USEP","01 Nov 2018","9","101.76","0.00","4926.006","0.000"
"USEP","01 Nov 2018","10","102.72","0.00","4959.553","0.000"
"USEP","01 Nov 2018","11","102.77","0.00","5032.219","0.000"
"USEP","01 Nov 2018","12","107.10","0.00","5171.404","0.000"
"USEP","01 Nov 2018","13","108.98","0.00","5361.691","0.000"
"USEP","01 Nov 2018","14","109.55","0.00","5539.224","0.000"
"USEP","01 Nov 2018","15","115.15","0.00","5752.402","0.000"
"USEP","01 Nov 2018","16","119.54","0.00","6023.347","0.000"
"USEP","01 Nov 2018","17","128.69","0.00","6293.511","0.000"
"USEP","01 Nov 2018","18","134.31","0.00","6468.614","0.000"
"USEP","01 Nov 2018","19","134.35","0.00","6567.159","0.000"
"USEP","01 Nov 2018","20","133.33","0.00","6623.131","0.000"
"USEP","01 Nov 2018","21","194.97","0.00","6667.812","0.000"
"USEP","01 Nov 2018","22","303.68","0.00","6698.129","0.000"
"USEP","01 Nov 2018","23","203.71","0.00","6693.248","0.000"
"USEP","01 Nov 2018","24","133.33","0.00","6630.069","0.000"
"USEP","01 Nov 2018","25","130.28","0.00","6586.736","0.000"
"USEP","01 Nov 2018","26","130.28","0.00","6588.615","0.000"
"USEP","01 Nov 2018","27","133.33","0.00","6622.600","0.000"
"USEP","01 Nov 2018","28","164.56","0.00","6640.094","0.000"
"USEP","01 Nov 2018","29","143.68","0.00","6643.488","0.000"
"USEP","01 Nov 2018","30","138.58","0.00","6609.742","0.000"
"USEP","01 Nov 2018","31","133.31","0.00","6589.142","0.000"
"USEP","01 Nov 2018","32","128.19","0.00","6563.710","0.000"
"USEP","01 Nov 2018","33","128.15","0.00","6542.056","0.000"
"USEP","01 Nov 2018","34","127.12","0.00","6491.541","0.000"
"USEP","01 Nov 2018","35","120.45","0.00","6412.055","0.000"
"USEP","01 Nov 2018","36","115.37","0.00","6301.195","0.000"
"USEP","01 Nov 2018","37","109.49","0.00","6237.072","0.000"
"USEP","01 Nov 2018","38","108.69","0.00","6276.558","0.000"
"USEP","01 Nov 2018","39","108.82","0.00","6300.891","0.000"
"USEP","01 Nov 2018","40","111.08","0.00","6281.931","0.000"
"USEP","01 Nov 2018","41","119.50","0.00","6251.182","0.000"
"USEP","01 Nov 2018","42","126.97","0.00","6202.749","0.000"
"USEP","01 Nov 2018","43","125.00","0.00","6134.724","0.000"
"USEP","01 Nov 2018","44","130.21","0.00","6012.234","0.000"
"USEP","01 Nov 2018","45","126.52","0.00","5870.350","0.000"
"USEP","01 Nov 2018","46","119.54","0.00","5740.216","0.000"
"USEP","01 Nov 2018","47","111.13","0.00","5597.060","0.000"
"USEP","01 Nov 2018","48","105.58","0.00","5450.122","0.000"
"USEP","02 Nov 2018","1","108.71","0.00","5305.684","0.000"
"USEP","02 Nov 2018","2","104.91","0.00","5207.516","0.000"
"USEP","02 Nov 2018","3","102.80","0.00","5123.807","0.000"
"USEP","02 Nov 2018","4","100.73","0.00","5061.935","0.000"
"USEP","02 Nov 2018","5","99.50","0.00","5015.853","0.000"
"USEP","02 Nov 2018","6","96.41","0.00","4963.112","0.000"
"USEP","02 Nov 2018","7","95.01","0.00","4931.840","0.000"
"USEP","02 Nov 2018","8","94.67","0.00","4908.789","0.000"
"USEP","02 Nov 2018","9","94.67","0.00","4905.539","0.000"
"USEP","02 Nov 2018","10","95.70","0.00","4941.015","0.000"
"USEP","02 Nov 2018","11","97.43","0.00","4997.862","0.000"
"USEP","02 Nov 2018","12","101.61","0.00","5142.489","0.000"
"USEP","02 Nov 2018","13","103.44","0.00","5336.369","0.000"
"USEP","02 Nov 2018","14","106.64","0.00","5513.062","0.000"
"USEP","02 Nov 2018","15","105.44","0.00","5717.225","0.000"
"USEP","02 Nov 2018","16","111.16","0.00","5995.286","0.000"
"USEP","02 Nov 2018","17","120.38","0.00","6261.683","0.000"
"USEP","02 Nov 2018","18","126.52","0.00","6428.859","0.000"
"USEP","02 Nov 2018","19","124.94","0.00","6521.366","0.000"
"USEP","02 Nov 2018","20","124.94","0.00","6583.625","0.000"
"USEP","02 Nov 2018","21","127.51","0.00","6650.407","0.000"
"USEP","02 Nov 2018","22","127.56","0.00","6672.429","0.000"
"USEP","02 Nov 2018","23","126.49","0.00","6644.572","0.000"
"USEP","02 Nov 2018","24","122.99","0.00","6589.932","0.000"
"USEP","02 Nov 2018","25","117.93","0.00","6531.092","0.000"
"USEP","02 Nov 2018","26","118.81","0.00","6537.255","0.000"
"USEP","02 Nov 2018","27","122.22","0.00","6584.564","0.000"
"USEP","02 Nov 2018","28","124.92","0.00","6611.303","0.000"
"USEP","02 Nov 2018","29","126.08","0.00","6635.696","0.000"
"USEP","02 Nov 2018","30","125.94","0.00","6631.670","0.000"
"USEP","02 Nov 2018","31","124.44","0.00","6605.632","0.000"
"USEP","02 Nov 2018","32","124.06","0.00","6595.185","0.000"
"USEP","02 Nov 2018","33","118.81","0.00","6546.151","0.000"
"USEP","02 Nov 2018","34","114.29","0.00","6490.825","0.000"
"USEP","02 Nov 2018","35","108.74","0.00","6401.206","0.000"
"USEP","02 Nov 2018","36","106.10","0.00","6292.229","0.000"
"USEP","02 Nov 2018","37","104.69","0.00","6227.365","0.000"
"USEP","02 Nov 2018","38","104.49","0.00","6236.933","0.000"
"USEP","02 Nov 2018","39","104.59","0.00","6258.154","0.000"
"USEP","02 Nov 2018","40","106.57","0.00","6232.320","0.000"
"USEP","02 Nov 2018","41","111.09","0.00","6175.811","0.000"
"USEP","02 Nov 2018","42","115.68","0.00","6119.114","0.000"
"USEP","02 Nov 2018","43","113.54","0.00","6040.046","0.000"
"USEP","02 Nov 2018","44","111.15","0.00","5937.152","0.000"
"USEP","02 Nov 2018","45","108.60","0.00","5814.492","0.000"
"USEP","02 Nov 2018","46","105.47","0.00","5701.987","0.000"
"USEP","02 Nov 2018","47","103.23","0.00","5596.260","0.000"
"USEP","02 Nov 2018","48","102.04","0.00","5496.581","0.000"
"USEP","03 Nov 2018","1","101.91","0.00","5399.264","0.000"
"USEP","03 Nov 2018","2","100.91","0.00","5297.990","0.000"
"USEP","03 Nov 2018","3","98.87","0.00","5172.662","0.000"
"USEP","03 Nov 2018","4","96.80","0.00","5092.297","0.000"
"USEP","03 Nov 2018","5","94.84","0.00","5032.771","0.000"
"USEP","03 Nov 2018","6","94.28","0.00","4974.369","0.000"
"USEP","03 Nov 2018","7","92.64","0.00","4931.975","0.000"
"USEP","03 Nov 2018","8","91.49","0.00","4919.072","0.000"
"USEP","03 Nov 2018","9","90.62","0.00","4899.983","0.000"
"USEP","03 Nov 2018","10","90.62","0.00","4900.907","0.000"
"USEP","03 Nov 2018","11","92.64","0.00","4943.147","0.000"
"USEP","03 Nov 2018","12","94.69","0.00","5009.024","0.000"
"USEP","03 Nov 2018","13","96.79","0.00","5092.610","0.000"
"USEP","03 Nov 2018","14","97.52","0.00","5160.008","0.000"
"USEP","03 Nov 2018","15","98.85","0.00","5242.232","0.000"
"USEP","03 Nov 2018","16","100.99","0.00","5435.957","0.000"
"USEP","03 Nov 2018","17","103.17","0.00","5675.218","0.000"
"USEP","03 Nov 2018","18","105.56","0.00","5833.985","0.000"
"USEP","03 Nov 2018","19","109.07","0.00","5955.312","0.000"
"USEP","03 Nov 2018","20","114.64","0.00","6054.712","0.000"
"USEP","03 Nov 2018","21","116.48","0.00","6131.429","0.000"
"USEP","03 Nov 2018","22","120.09","0.00","6168.168","0.000"
"USEP","03 Nov 2018","23","118.68","0.00","6153.700","0.000"
"USEP","03 Nov 2018","24","116.04","0.00","6117.339","0.000"
"USEP","03 Nov 2018","25","114.70","0.00","6077.594","0.000"
"USEP","03 Nov 2018","26","112.44","0.00","6047.511","0.000"
"USEP","03 Nov 2018","27","109.86","0.00","6019.425","0.000"
"USEP","03 Nov 2018","28","112.43","0.00","6016.314","0.000"
"USEP","03 Nov 2018","29","108.95","0.00","5988.646","0.000"
"USEP","03 Nov 2018","30","108.41","0.00","5944.582","0.000"
"USEP","03 Nov 2018","31","106.75","0.00","5940.750","0.000"
"USEP","03 Nov 2018","32","118.51","0.00","5893.829","0.000"
"USEP","03 Nov 2018","33","116.08","0.00","5842.031","0.000"
"USEP","03 Nov 2018","34","114.52","0.00","5820.094","0.000"
"USEP","03 Nov 2018","35","114.24","0.00","5791.103","0.000"
"USEP","03 Nov 2018","36","114.25","0.00","5791.819","0.000"
"USEP","03 Nov 2018","37","114.58","0.00","5824.358","0.000"
"USEP","03 Nov 2018","38","120.95","0.00","5918.499","0.000"
"USEP","03 Nov 2018","39","122.14","0.00","5953.036","0.000"
"USEP","03 Nov 2018","40","119.87","0.00","5947.639","0.000"
"USEP","03 Nov 2018","41","108.42","0.00","5914.573","0.000"
"USEP","03 Nov 2018","42","105.80","0.00","5888.193","0.000"
"USEP","03 Nov 2018","43","105.19","0.00","5854.203","0.000"
"USEP","03 Nov 2018","44","103.34","0.00","5777.342","0.000"
"USEP","03 Nov 2018","45","101.62","0.00","5673.593","0.000"
"USEP","03 Nov 2018","46","101.21","0.00","5587.194","0.000"
"USEP","03 Nov 2018","47","104.79","0.00","5503.490","0.000"
"USEP","03 Nov 2018","48","105.54","0.00","5382.674","0.000"
"USEP","04 Nov 2018","1","118.15","0.00","5268.220","0.000"
"USEP","04 Nov 2018","2","114.52","0.00","5133.180","0.000"
"USEP","04 Nov 2018","3","107.50","0.00","5052.865","0.000"
"USEP","04 Nov 2018","4","106.62","0.00","4973.534","0.000"
"USEP","04 Nov 2018","5","101.97","0.00","4915.787","0.000"
"USEP","04 Nov 2018","6","100.94","0.00","4875.177","0.000"
"USEP","04 Nov 2018","7","99.00","0.00","4839.910","0.000"
"USEP","04 Nov 2018","8","98.99","0.00","4807.133","0.000"
"USEP","04 Nov 2018","9","98.99","0.00","4794.470","0.000"
"USEP","04 Nov 2018","10","101.94","0.00","4794.932","0.000"
"USEP","04 Nov 2018","11","107.17","0.00","4827.296","0.000"
"USEP","04 Nov 2018","12","113.92","0.00","4882.543","0.000"
"USEP","04 Nov 2018","13","106.41","0.00","4943.396","0.000"
"USEP","04 Nov 2018","14","110.14","0.00","4954.802","0.000"
"USEP","04 Nov 2018","15","110.96","0.00","4972.520","0.000"
"USEP","04 Nov 2018","16","119.38","0.00","5083.500","0.000"
"USEP","04 Nov 2018","17","124.08","0.00","5215.931","0.000"
"USEP","04 Nov 2018","18","125.57","0.00","5341.184","0.000"
"USEP","04 Nov 2018","19","126.67","0.00","5429.317","0.000"
"USEP","04 Nov 2018","20","133.22","0.00","5547.042","0.000"
"USEP","04 Nov 2018","21","135.58","0.00","5632.352","0.000"
"USEP","04 Nov 2018","22","140.94","0.00","5667.932","0.000"
"USEP","04 Nov 2018","23","133.73","0.00","5681.073","0.000"
"USEP","04 Nov 2018","24","127.46","0.00","5656.233","0.000"
"USEP","04 Nov 2018","25","126.74","0.00","5639.151","0.000"
"USEP","04 Nov 2018","26","126.77","0.00","5657.361","0.000"
"USEP","04 Nov 2018","27","129.73","0.00","5685.287","0.000"
"USEP","04 Nov 2018","28","133.72","0.00","5704.556","0.000"
"USEP","04 Nov 2018","29","133.86","0.00","5716.062","0.000"
"USEP","04 Nov 2018","30","133.71","0.00","5700.724","0.000"
"USEP","04 Nov 2018","31","133.73","0.00","5699.352","0.000"
"USEP","04 Nov 2018","32","131.58","0.00","5680.183","0.000"
"USEP","04 Nov 2018","33","126.75","0.00","5654.767","0.000"
"USEP","04 Nov 2018","34","126.73","0.00","5647.192","0.000"
"USEP","04 Nov 2018","35","127.32","0.00","5670.457","0.000"
"USEP","04 Nov 2018","36","133.21","0.00","5669.811","0.000"
"USEP","04 Nov 2018","37","139.95","0.00","5730.887","0.000"
"USEP","04 Nov 2018","38","159.28","0.00","5832.166","0.000"
"USEP","04 Nov 2018","39","232.87","0.00","5910.031","0.000"
"USEP","04 Nov 2018","40","305.35","0.00","5935.234","0.000"
"USEP","04 Nov 2018","41","307.26","0.00","5947.589","0.000"
"USEP","04 Nov 2018","42","448.37","0.00","5933.693","0.000"
"USEP","04 Nov 2018","43","650.41","0.00","5900.175","0.000"
"USEP","04 Nov 2018","44","150.56","0.00","5837.851","0.000"
"USEP","04 Nov 2018","45","135.52","0.00","5710.242","0.000"
"USEP","04 Nov 2018","46","135.46","0.00","5594.704","0.000"
"USEP","04 Nov 2018","47","141.03","0.00","5480.553","0.000"
"USEP","04 Nov 2018","48","124.69","0.00","5336.100","0.000"
"USEP","05 Nov 2018","1","110.00","0.00","5204.992","0.000"
"USEP","05 Nov 2018","2","106.90","0.00","5095.040","0.000"
"USEP","05 Nov 2018","3","105.50","0.00","5033.696","0.000"
"USEP","05 Nov 2018","4","102.93","0.00","4961.571","0.000"
"USEP","05 Nov 2018","5","102.41","0.00","4921.955","0.000"
"USEP","05 Nov 2018","6","101.97","0.00","4873.145","0.000"
"USEP","05 Nov 2018","7","100.95","0.00","4841.575","0.000"
"USEP","05 Nov 2018","8","99.74","0.00","4825.159","0.000"
"USEP","05 Nov 2018","9","99.73","0.00","4824.379","0.000"
"USEP","05 Nov 2018","10","100.96","0.00","4856.560","0.000"
"USEP","05 Nov 2018","11","102.40","0.00","4917.402","0.000"
"USEP","05 Nov 2018","12","105.89","0.00","5070.031","0.000"
"USEP","05 Nov 2018","13","108.48","0.00","5265.188","0.000"
"USEP","05 Nov 2018","14","113.97","0.00","5472.000","0.000"
"USEP","05 Nov 2018","15","107.26","0.00","5701.142","0.000"
"USEP","05 Nov 2018","16","114.67","0.00","5981.932","0.000"
"USEP","05 Nov 2018","17","125.96","0.00","6264.635","0.000"
"USEP","05 Nov 2018","18","127.15","0.00","6435.946","0.000"
"USEP","05 Nov 2018","19","132.27","0.00","6558.173","0.000"
"USEP","05 Nov 2018","20","128.13","0.00","6608.281","0.000"
"USEP","05 Nov 2018","21","128.14","0.00","6653.667","0.000"
"USEP","05 Nov 2018","22","128.15","0.00","6662.737","0.000"
"USEP","05 Nov 2018","23","127.08","0.00","6641.322","0.000"
"USEP","05 Nov 2018","24","125.66","0.00","6579.395","0.000"
"USEP","05 Nov 2018","25","122.49","0.00","6520.829","0.000"
"USEP","05 Nov 2018","26","124.50","0.00","6547.259","0.000"
"USEP","05 Nov 2018","27","125.63","0.00","6577.144","0.000"
"USEP","05 Nov 2018","28","127.00","0.00","6615.607","0.000"
"USEP","05 Nov 2018","29","126.65","0.00","6618.534","0.000"
"USEP","05 Nov 2018","30","126.66","0.00","6616.914","0.000"
"USEP","05 Nov 2018","31","126.96","0.00","6611.149","0.000"
"USEP","05 Nov 2018","32","126.96","0.00","6618.852","0.000"
"USEP","05 Nov 2018","33","126.95","0.00","6609.613","0.000"
"USEP","05 Nov 2018","34","125.65","0.00","6577.492","0.000"
"USEP","05 Nov 2018","35","123.99","0.00","6531.718","0.000"
"USEP","05 Nov 2018","36","116.32","0.00","6423.929","0.000"
"USEP","05 Nov 2018","37","114.34","0.00","6363.260","0.000"
"USEP","05 Nov 2018","38","114.91","0.00","6370.611","0.000"
"USEP","05 Nov 2018","39","114.93","0.00","6386.743","0.000"
"USEP","05 Nov 2018","40","116.26","0.00","6325.185","0.000"
"USEP","05 Nov 2018","41","114.65","0.00","6250.317","0.000"
"USEP","05 Nov 2018","42","124.47","0.00","6177.307","0.000"
"USEP","05 Nov 2018","43","115.88","0.00","6086.694","0.000"
"USEP","05 Nov 2018","44","109.97","0.00","5954.428","0.000"
"USEP","05 Nov 2018","45","107.36","0.00","5798.559","0.000"
"USEP","05 Nov 2018","46","109.01","0.00","5659.394","0.000"
"USEP","05 Nov 2018","47","105.61","0.00","5504.871","0.000"
"USEP","05 Nov 2018","48","102.39","0.00","5343.694","0.000"
"USEP","06 Nov 2018","1","105.91","0.00","5205.623","0.000"
"USEP","06 Nov 2018","2","105.91","0.00","5130.427","0.000"
"USEP","06 Nov 2018","3","105.79","0.00","5092.809","0.000"
"USEP","06 Nov 2018","4","103.53","0.00","5022.453","0.000"
"USEP","06 Nov 2018","5","101.98","0.00","4960.239","0.000"
"USEP","06 Nov 2018","6","100.97","0.00","4908.402","0.000"
"USEP","06 Nov 2018","7","100.71","0.00","4861.222","0.000"
"USEP","06 Nov 2018","8","100.70","0.00","4834.259","0.000"
"USEP","06 Nov 2018","9","100.69","0.00","4813.743","0.000"
"USEP","06 Nov 2018","10","100.69","0.00","4808.689","0.000"
"USEP","06 Nov 2018","11","100.69","0.00","4832.053","0.000"
"USEP","06 Nov 2018","12","100.70","0.00","4882.289","0.000"
"USEP","06 Nov 2018","13","100.76","0.00","4945.910","0.000"
"USEP","06 Nov 2018","14","100.83","0.00","4974.309","0.000"
"USEP","06 Nov 2018","15","100.85","0.00","4998.160","0.000"
"USEP","06 Nov 2018","16","102.99","0.00","5099.140","0.000"
"USEP","06 Nov 2018","17","105.80","0.00","5238.186","0.000"
"USEP","06 Nov 2018","18","105.95","0.00","5373.673","0.000"
"USEP","06 Nov 2018","19","105.95","0.00","5456.787","0.000"
"USEP","06 Nov 2018","20","108.24","0.00","5544.964","0.000"
"USEP","06 Nov 2018","21","109.04","0.00","5613.824","0.000"
"USEP","06 Nov 2018","22","108.84","0.00","5654.289","0.000"
"USEP","06 Nov 2018","23","108.99","0.00","5666.968","0.000"
"USEP","06 Nov 2018","24","108.84","0.00","5654.508","0.000"
"USEP","06 Nov 2018","25","108.84","0.00","5640.930","0.000"
"USEP","06 Nov 2018","26","108.91","0.00","5656.675","0.000"
"USEP","06 Nov 2018","27","108.99","0.00","5682.698","0.000"
"USEP","06 Nov 2018","28","109.04","0.00","5695.998","0.000"
"USEP","06 Nov 2018","29","109.04","0.00","5694.527","0.000"
"USEP","06 Nov 2018","30","108.98","0.00","5691.470","0.000"
"USEP","06 Nov 2018","31","109.05","0.00","5699.894","0.000"
"USEP","06 Nov 2018","32","109.06","0.00","5696.952","0.000"
"USEP","06 Nov 2018","33","109.01","0.00","5705.739","0.000"
"USEP","06 Nov 2018","34","109.00","0.00","5707.936","0.000"
"USEP","06 Nov 2018","35","109.05","0.00","5715.396","0.000"
"USEP","06 Nov 2018","36","108.84","0.00","5706.470","0.000"
"USEP","06 Nov 2018","37","111.69","0.00","5773.450","0.000"
"USEP","06 Nov 2018","38","121.40","0.00","5886.165","0.000"
"USEP","06 Nov 2018","39","127.40","0.00","5935.964","0.000"
"USEP","06 Nov 2018","40","126.87","0.00","5916.437","0.000"
"USEP","06 Nov 2018","41","121.25","0.00","5870.435","0.000"
"USEP","06 Nov 2018","42","116.18","0.00","5854.968","0.000"
"USEP","06 Nov 2018","43","115.94","0.00","5832.921","0.000"
"USEP","06 Nov 2018","44","108.80","0.00","5739.803","0.000"
"USEP","06 Nov 2018","45","106.07","0.00","5614.331","0.000"
"USEP","06 Nov 2018","46","106.02","0.00","5487.268","0.000"
"USEP","06 Nov 2018","47","106.02","0.00","5362.804","0.000"
"USEP","06 Nov 2018","48","105.98","0.00","5270.203","0.000"
"USEP","07 Nov 2018","1","100.92","0.00","5162.637","0.000"
"USEP","07 Nov 2018","2","100.91","0.00","5057.686","0.000"
"USEP","07 Nov 2018","3","96.42","0.00","4958.589","0.000"
"USEP","07 Nov 2018","4","99.81","0.00","4899.540","0.000"
"USEP","07 Nov 2018","5","96.41","0.00","4854.403","0.000"
"USEP","07 Nov 2018","6","95.69","0.00","4819.041","0.000"
"USEP","07 Nov 2018","7","100.88","0.00","4793.247","0.000"
"USEP","07 Nov 2018","8","100.89","0.00","4785.290","0.000"
"USEP","07 Nov 2018","9","100.84","0.00","4789.122","0.000"
"USEP","07 Nov 2018","10","99.78","0.00","4812.073","0.000"
"USEP","07 Nov 2018","11","100.54","0.00","4883.418","0.000"
"USEP","07 Nov 2018","12","99.80","0.00","5027.761","0.000"
"USEP","07 Nov 2018","13","100.90","0.00","5210.647","0.000"
"USEP","07 Nov 2018","14","101.73","0.00","5389.771","0.000"
"USEP","07 Nov 2018","15","101.08","0.00","5602.905","0.000"
"USEP","07 Nov 2018","16","106.06","0.00","5884.773","0.000"
"USEP","07 Nov 2018","17","115.34","0.00","6154.639","0.000"
"USEP","07 Nov 2018","18","127.04","0.00","6354.468","0.000"
"USEP","07 Nov 2018","19","130.30","0.00","6480.383","0.000"
"USEP","07 Nov 2018","20","131.22","0.00","6557.204","0.000"
"USEP","07 Nov 2018","21","128.14","0.00","6617.192","0.000"
"USEP","07 Nov 2018","22","128.12","0.00","6653.110","0.000"
"USEP","07 Nov 2018","23","128.12","0.00","6654.388","0.000"
"USEP","07 Nov 2018","24","126.96","0.00","6600.140","0.000"
"USEP","07 Nov 2018","25","126.00","0.00","6574.187","0.000"
"USEP","07 Nov 2018","26","126.01","0.00","6596.621","0.000"
"USEP","07 Nov 2018","27","127.01","0.00","6640.651","0.000"
"USEP","07 Nov 2018","28","128.18","0.00","6665.381","0.000"
"USEP","07 Nov 2018","29","128.21","0.00","6674.029","0.000"
"USEP","07 Nov 2018","30","127.11","0.00","6650.317","0.000"
"USEP","07 Nov 2018","31","126.98","0.00","6641.943","0.000"
"USEP","07 Nov 2018","32","127.11","0.00","6643.613","0.000"
"USEP","07 Nov 2018","33","127.11","0.00","6641.202","0.000"
"USEP","07 Nov 2018","34","126.97","0.00","6624.399","0.000"
"USEP","07 Nov 2018","35","125.40","0.00","6558.998","0.000"
"USEP","07 Nov 2018","36","118.62","0.00","6459.917","0.000"
"USEP","07 Nov 2018","37","114.87","0.00","6405.525","0.000"
"USEP","07 Nov 2018","38","115.37","0.00","6425.793","0.000"
"USEP","07 Nov 2018","39","119.88","0.00","6454.539","0.000"
"USEP","07 Nov 2018","40","124.91","0.00","6429.242","0.000"
"USEP","07 Nov 2018","41","124.16","0.00","6373.826","0.000"
"USEP","07 Nov 2018","42","127.76","0.00","6322.625","0.000"
"USEP","07 Nov 2018","43","125.99","0.00","6251.718","0.000"
"USEP","07 Nov 2018","44","114.25","0.00","6115.694","0.000"
"USEP","07 Nov 2018","45","109.49","0.00","5949.736","0.000"
"USEP","07 Nov 2018","46","103.77","0.00","5783.505","0.000"
"USEP","07 Nov 2018","47","102.63","0.00","5614.803","0.000"
"USEP","07 Nov 2018","48","100.93","0.00","5440.406","0.000"
"USEP","08 Nov 2018","1","106.22","0.00","5272.072","0.000"
"USEP","08 Nov 2018","2","106.21","0.00","5162.627","0.000"
"USEP","08 Nov 2018","3","105.67","0.00","5087.034","0.000"
"USEP","08 Nov 2018","4","103.38","0.00","5014.944","0.000"
"USEP","08 Nov 2018","5","102.58","0.00","4954.846","0.000"
"USEP","08 Nov 2018","6","101.46","0.00","4913.725","0.000"
"USEP","08 Nov 2018","7","100.86","0.00","4884.436","0.000"
"USEP","08 Nov 2018","8","100.76","0.00","4867.782","0.000"
"USEP","08 Nov 2018","9","100.77","0.00","4859.000","0.000"
"USEP","08 Nov 2018","10","100.88","0.00","4882.911","0.000"
"USEP","08 Nov 2018","11","100.85","0.00","4961.273","0.000"
"USEP","08 Nov 2018","12","102.53","0.00","5103.549","0.000"
"USEP","08 Nov 2018","13","103.71","0.00","5291.395","0.000"
"USEP","08 Nov 2018","14","105.64","0.00","5454.833","0.000"
"USEP","08 Nov 2018","15","104.12","0.00","5662.291","0.000"
"USEP","08 Nov 2018","16","110.01","0.00","5941.178","0.000"
"USEP","08 Nov 2018","17","121.22","0.00","6205.577","0.000"
"USEP","08 Nov 2018","18","127.05","0.00","6396.897","0.000"
"USEP","08 Nov 2018","19","128.20","0.00","6503.861","0.000"
"USEP","08 Nov 2018","20","127.76","0.00","6586.642","0.000"
"USEP","08 Nov 2018","21","128.15","0.00","6660.203","0.000"
"USEP","08 Nov 2018","22","130.21","0.00","6697.726","0.000"
"USEP","08 Nov 2018","23","130.20","0.00","6687.900","0.000"
"USEP","08 Nov 2018","24","127.77","0.00","6626.252","0.000"
"USEP","08 Nov 2018","25","127.41","0.00","6586.652","0.000"
"USEP","08 Nov 2018","26","127.58","0.00","6605.910","0.000"
"USEP","08 Nov 2018","27","128.22","0.00","6664.621","0.000"
"USEP","08 Nov 2018","28","130.26","0.00","6704.311","0.000"
"USEP","08 Nov 2018","29","132.51","0.00","6714.828","0.000"
"USEP","08 Nov 2018","30","129.77","0.00","6695.798","0.000"
"USEP","08 Nov 2018","31","128.15","0.00","6694.148","0.000"
"USEP","08 Nov 2018","32","128.15","0.00","6697.299","0.000"
"USEP","08 Nov 2018","33","128.15","0.00","6699.659","0.000"
"USEP","08 Nov 2018","34","130.14","0.00","6672.593","0.000"
"USEP","08 Nov 2018","35","126.97","0.00","6585.618","0.000"
"USEP","08 Nov 2018","36","114.71","0.00","6471.775","0.000"
"USEP","08 Nov 2018","37","118.87","0.00","6405.937","0.000"
"USEP","08 Nov 2018","38","121.69","0.00","6421.881","0.000"
"USEP","08 Nov 2018","39","122.22","0.00","6416.608","0.000"
"USEP","08 Nov 2018","40","127.05","0.00","6390.729","0.000"
"USEP","08 Nov 2018","41","124.98","0.00","6333.375","0.000"
"USEP","08 Nov 2018","42","126.91","0.00","6269.059","0.000"
"USEP","08 Nov 2018","43","123.82","0.00","6184.285","0.000"
"USEP","08 Nov 2018","44","127.08","0.00","6057.197","0.000"
"USEP","08 Nov 2018","45","127.18","0.00","5912.580","0.000"
"USEP","08 Nov 2018","46","121.30","0.00","5771.711","0.000"
"USEP","08 Nov 2018","47","114.85","0.00","5629.464","0.000"
"USEP","08 Nov 2018","48","107.84","0.00","5503.410","0.000"
"USEP","09 Nov 2018","1","114.37","0.00","5374.300","0.000"
"USEP","09 Nov 2018","2","109.01","0.00","5271.366","0.000"
"USEP","09 Nov 2018","3","107.23","0.00","5175.579","0.000"
"USEP","09 Nov 2018","4","103.54","0.00","5102.485","0.000"
"USEP","09 Nov 2018","5","103.27","0.00","5048.541","0.000"
"USEP","09 Nov 2018","6","102.93","0.00","5019.993","0.000"
"USEP","09 Nov 2018","7","102.35","0.00","4979.706","0.000"
"USEP","09 Nov 2018","8","102.16","0.00","4962.331","0.000"
"USEP","09 Nov 2018","9","102.20","0.00","4970.139","0.000"
"USEP","09 Nov 2018","10","102.54","0.00","4991.008","0.000"
"USEP","09 Nov 2018","11","102.59","0.00","5063.699","0.000"
"USEP","09 Nov 2018","12","103.39","0.00","5204.847","0.000"
"USEP","09 Nov 2018","13","107.17","0.00","5382.167","0.000"
"USEP","09 Nov 2018","14","108.97","0.00","5555.983","0.000"
"USEP","09 Nov 2018","15","107.16","0.00","5760.245","0.000"
"USEP","09 Nov 2018","16","114.17","0.00","6026.776","0.000"
"USEP","09 Nov 2018","17","126.42","0.00","6305.991","0.000"
"USEP","09 Nov 2018","18","128.12","0.00","6487.515","0.000"
"USEP","09 Nov 2018","19","128.97","0.00","6594.782","0.000"
"USEP","09 Nov 2018","20","127.99","0.00","6633.350","0.000"
"USEP","09 Nov 2018","21","129.98","0.00","6670.828","0.000"
"USEP","09 Nov 2018","22","130.21","0.00","6678.323","0.000"
"USEP","09 Nov 2018","23","128.17","0.00","6658.145","0.000"
"USEP","09 Nov 2018","24","127.12","0.00","6605.617","0.000"
"USEP","09 Nov 2018","25","125.21","0.00","6545.719","0.000"
"USEP","09 Nov 2018","26","125.57","0.00","6563.153","0.000"
"USEP","09 Nov 2018","27","125.65","0.00","6585.851","0.000"
"USEP","09 Nov 2018","28","125.60","0.00","6605.448","0.000"
"USEP","09 Nov 2018","29","126.65","0.00","6614.344","0.000"
"USEP","09 Nov 2018","30","137.61","0.00","6584.390","0.000"
"USEP","09 Nov 2018","31","135.56","0.00","6570.330","0.000"
"USEP","09 Nov 2018","32","125.51","0.00","6572.885","0.000"
"USEP","09 Nov 2018","33","120.04","0.00","6554.128","0.000"
"USEP","09 Nov 2018","34","117.98","0.00","6524.740","0.000"
"USEP","09 Nov 2018","35","113.80","0.00","6458.013","0.000"
"USEP","09 Nov 2018","36","109.08","0.00","6352.654","0.000"
"USEP","09 Nov 2018","37","108.92","0.00","6301.100","0.000"
"USEP","09 Nov 2018","38","108.94","0.00","6308.883","0.000"
"USEP","09 Nov 2018","39","111.43","0.00","6311.915","0.000"
"USEP","09 Nov 2018","40","111.91","0.00","6274.983","0.000"
"USEP","09 Nov 2018","41","110.06","0.00","6214.806","0.000"
"USEP","09 Nov 2018","42","118.77","0.00","6161.717","0.000"
"USEP","09 Nov 2018","43","114.27","0.00","6084.026","0.000"
"USEP","09 Nov 2018","44","109.28","0.00","5956.346","0.000"
"USEP","09 Nov 2018","45","107.09","0.00","5824.726","0.000"
"USEP","09 Nov 2018","46","103.46","0.00","5705.277","0.000"
"USEP","09 Nov 2018","47","101.90","0.00","5576.613","0.000"
"USEP","09 Nov 2018","48","100.92","0.00","5451.305","0.000"
"USEP","10 Nov 2018","1","102.07","0.00","5318.059","0.000"
"USEP","10 Nov 2018","2","101.05","0.00","5214.121","0.000"
"USEP","10 Nov 2018","3","100.72","0.00","5125.576","0.000"
"USEP","10 Nov 2018","4","99.44","0.00","5056.682","0.000"
"USEP","10 Nov 2018","5","96.97","0.00","4981.670","0.000"
"USEP","10 Nov 2018","6","95.83","0.00","4937.273","0.000"
"USEP","10 Nov 2018","7","99.41","0.00","4898.864","0.000"
"USEP","10 Nov 2018","8","99.11","0.00","4881.002","0.000"
"USEP","10 Nov 2018","9","98.84","0.00","4856.704","0.000"
"USEP","10 Nov 2018","10","98.85","0.00","4855.143","0.000"
"USEP","10 Nov 2018","11","99.42","0.00","4898.631","0.000"
"USEP","10 Nov 2018","12","100.58","0.00","4962.132","0.000"
"USEP","10 Nov 2018","13","103.69","0.00","5042.294","0.000"
"USEP","10 Nov 2018","14","105.02","0.00","5107.475","0.000"
"USEP","10 Nov 2018","15","105.83","0.00","5193.844","0.000"
"USEP","10 Nov 2018","16","106.00","0.00","5380.105","0.000"
"USEP","10 Nov 2018","17","110.65","0.00","5614.057","0.000"
"USEP","10 Nov 2018","18","109.37","0.00","5787.883","0.000"
"USEP","10 Nov 2018","19","111.10","0.00","5899.310","0.000"
"USEP","10 Nov 2018","20","111.09","0.00","5982.966","0.000"
"USEP","10 Nov 2018","21","111.10","0.00","6047.600","0.000"
"USEP","10 Nov 2018","22","113.36","0.00","6074.081","0.000"
"USEP","10 Nov 2018","23","113.39","0.00","6086.655","0.000"
"USEP","10 Nov 2018","24","111.10","0.00","6043.306","0.000"
"USEP","10 Nov 2018","25","109.10","0.00","6011.831","0.000"
"USEP","10 Nov 2018","26","109.08","0.00","5987.911","0.000"
"USEP","10 Nov 2018","27","106.02","0.00","5968.622","0.000"
"USEP","10 Nov 2018","28","106.02","0.00","5956.669","0.000"
"USEP","10 Nov 2018","29","111.03","0.00","5947.122","0.000"
"USEP","10 Nov 2018","30","109.00","0.00","5941.908","0.000"
"USEP","10 Nov 2018","31","108.80","0.00","5933.758","0.000"
"USEP","10 Nov 2018","32","108.64","0.00","5916.999","0.000"
"USEP","10 Nov 2018","33","108.46","0.00","5901.005","0.000"
"USEP","10 Nov 2018","34","107.00","0.00","5879.599","0.000"
"USEP","10 Nov 2018","35","106.44","0.00","5843.786","0.000"
"USEP","10 Nov 2018","36","106.74","0.00","5829.000","0.000"
"USEP","10 Nov 2018","37","105.96","0.00","5838.801","0.000"
"USEP","10 Nov 2018","38","106.22","0.00","5899.226","0.000"
"USEP","10 Nov 2018","39","106.02","0.00","5910.374","0.000"
"USEP","10 Nov 2018","40","107.49","0.00","5915.135","0.000"
"USEP","10 Nov 2018","41","106.02","0.00","5895.667","0.000"
"USEP","10 Nov 2018","42","128.10","0.00","5875.380","0.000"
"USEP","10 Nov 2018","43","120.29","0.00","5831.435","0.000"
"USEP","10 Nov 2018","44","109.05","0.00","5731.951","0.000"
"USEP","10 Nov 2018","45","108.13","0.00","5653.559","0.000"
"USEP","10 Nov 2018","46","106.46","0.00","5576.072","0.000"
"USEP","10 Nov 2018","47","105.97","0.00","5470.390","0.000"
"USEP","10 Nov 2018","48","105.23","0.00","5364.623","0.000"
"USEP","11 Nov 2018","1","102.81","0.00","5233.877","0.000"
"USEP","11 Nov 2018","2","102.23","0.00","5137.176","0.000"
"USEP","11 Nov 2018","3","101.93","0.00","5059.266","0.000"
"USEP","11 Nov 2018","4","101.18","0.00","4977.703","0.000"
"USEP","11 Nov 2018","5","100.71","0.00","4917.273","0.000"
"USEP","11 Nov 2018","6","100.70","0.00","4872.961","0.000"
"USEP","11 Nov 2018","7","98.71","0.00","4828.350","0.000"
"USEP","11 Nov 2018","8","98.71","0.00","4808.420","0.000"
"USEP","11 Nov 2018","9","98.21","0.00","4786.841","0.000"
"USEP","11 Nov 2018","10","98.21","0.00","4787.755","0.000"
"USEP","11 Nov 2018","11","98.72","0.00","4820.164","0.000"
"USEP","11 Nov 2018","12","100.56","0.00","4885.813","0.000"
"USEP","11 Nov 2018","13","100.72","0.00","4922.780","0.000"
"USEP","11 Nov 2018","14","101.08","0.00","4961.715","0.000"
"USEP","11 Nov 2018","15","101.43","0.00","5010.108","0.000"
"USEP","11 Nov 2018","16","100.85","0.00","5080.364","0.000"
"USEP","11 Nov 2018","17","104.53","0.00","5218.286","0.000"
"USEP","11 Nov 2018","18","105.93","0.00","5352.029","0.000"
"USEP","11 Nov 2018","19","106.69","0.00","5456.459","0.000"
"USEP","11 Nov 2018","20","106.72","0.00","5562.593","0.000"
"USEP","11 Nov 2018","21","106.71","0.00","5631.691","0.000"
"USEP","11 Nov 2018","22","105.96","0.00","5672.132","0.000"
"USEP","11 Nov 2018","23","106.63","0.00","5687.519","0.000"
"USEP","11 Nov 2018","24","105.99","0.00","5648.276","0.000"
"USEP","11 Nov 2018","25","106.02","0.00","5616.622","0.000"
"USEP","11 Nov 2018","26","106.02","0.00","5614.669","0.000"
"USEP","11 Nov 2018","27","105.96","0.00","5653.624","0.000"
"USEP","11 Nov 2018","28","105.97","0.00","5677.783","0.000"
"USEP","11 Nov 2018","29","106.72","0.00","5695.292","0.000"
"USEP","11 Nov 2018","30","105.97","0.00","5677.728","0.000"
"USEP","11 Nov 2018","31","105.97","0.00","5647.073","0.000"
"USEP","11 Nov 2018","32","104.57","0.00","5601.737","0.000"
"USEP","11 Nov 2018","33","103.23","0.00","5579.764","0.000"
"USEP","11 Nov 2018","34","102.29","0.00","5572.637","0.000"
"USEP","11 Nov 2018","35","101.30","0.00","5540.814","0.000"
"USEP","11 Nov 2018","36","100.89","0.00","5543.960","0.000"
"USEP","11 Nov 2018","37","100.89","0.00","5578.070","0.000"
"USEP","11 Nov 2018","38","101.48","0.00","5666.516","0.000"
"USEP","11 Nov 2018","39","101.91","0.00","5734.446","0.000"
"USEP","11 Nov 2018","40","102.01","0.00","5779.543","0.000"
"USEP","11 Nov 2018","41","104.56","0.00","5821.316","0.000"
"USEP","11 Nov 2018","42","103.62","0.00","5816.475","0.000"
"USEP","11 Nov 2018","43","105.94","0.00","5784.354","0.000"
"USEP","11 Nov 2018","44","106.00","0.00","5698.383","0.000"
"USEP","11 Nov 2018","45","105.45","0.00","5577.230","0.000"
"USEP","11 Nov 2018","46","105.98","0.00","5467.949","0.000"
"USEP","11 Nov 2018","47","104.00","0.00","5342.044","0.000"
"USEP","11 Nov 2018","48","101.88","0.00","5207.472","0.000"
"USEP","12 Nov 2018","1","100.89","0.00","5084.449","0.000"
"USEP","12 Nov 2018","2","100.74","0.00","4971.078","0.000"
"USEP","12 Nov 2018","3","100.57","0.00","4907.075","0.000"
"USEP","12 Nov 2018","4","99.22","0.00","4841.361","0.000"
"USEP","12 Nov 2018","5","96.23","0.00","4794.355","0.000"
"USEP","12 Nov 2018","6","95.68","0.00","4759.163","0.000"
"USEP","12 Nov 2018","7","95.04","0.00","4728.249","0.000"
"USEP","12 Nov 2018","8","94.76","0.00","4720.397","0.000"
"USEP","12 Nov 2018","9","94.72","0.00","4713.752","0.000"
"USEP","12 Nov 2018","10","95.64","0.00","4745.023","0.000"
"USEP","12 Nov 2018","11","98.95","0.00","4830.219","0.000"
"USEP","12 Nov 2018","12","100.47","0.00","4976.262","0.000"
"USEP","12 Nov 2018","13","100.87","0.00","5178.357","0.000"
"USEP","12 Nov 2018","14","115.75","0.00","5386.183","0.000"
"USEP","12 Nov 2018","15","123.14","0.00","5616.219","0.000"
"USEP","12 Nov 2018","16","137.86","0.00","5921.417","0.000"
"USEP","12 Nov 2018","17","295.63","0.00","6208.877","0.000"
"USEP","12 Nov 2018","18","295.98","0.00","6396.007","0.000"
"USEP","12 Nov 2018","19","296.23","0.00","6515.764","0.000"
"USEP","12 Nov 2018","20","297.72","0.00","6568.307","0.000"
"USEP","12 Nov 2018","21","287.47","0.00","6628.081","0.000"
"USEP","12 Nov 2018","22","289.10","0.00","6668.527","0.000"
"USEP","12 Nov 2018","23","287.56","0.00","6653.821","0.000"
"USEP","12 Nov 2018","24","270.46","0.00","6608.788","0.000"
"USEP","12 Nov 2018","25","202.23","0.00","6565.405","0.000"
"USEP","12 Nov 2018","26","255.34","0.00","6581.567","0.000"
"USEP","12 Nov 2018","27","138.68","0.00","6642.271","0.000"
"USEP","12 Nov 2018","28","138.30","0.00","6670.868","0.000"
"USEP","12 Nov 2018","29","133.09","0.00","6690.753","0.000"
"USEP","12 Nov 2018","30","130.67","0.00","6664.213","0.000"
"USEP","12 Nov 2018","31","130.03","0.00","6660.883","0.000"
"USEP","12 Nov 2018","32","131.08","0.00","6679.372","0.000"
"USEP","12 Nov 2018","33","130.03","0.00","6674.775","0.000"
"USEP","12 Nov 2018","34","130.03","0.00","6658.955","0.000"
"USEP","12 Nov 2018","35","127.99","0.00","6604.444","0.000"
"USEP","12 Nov 2018","36","120.08","0.00","6480.880","0.000"
"USEP","12 Nov 2018","37","115.01","0.00","6385.655","0.000"
"USEP","12 Nov 2018","38","115.01","0.00","6395.818","0.000"
"USEP","12 Nov 2018","39","127.78","0.00","6385.784","0.000"
"USEP","12 Nov 2018","40","122.42","0.00","6341.914","0.000"
"USEP","12 Nov 2018","41","116.80","0.00","6293.561","0.000"
"USEP","12 Nov 2018","42","125.05","0.00","6240.228","0.000"
"USEP","12 Nov 2018","43","130.14","0.00","6165.678","0.000"
"USEP","12 Nov 2018","44","130.86","0.00","6040.116","0.000"
"USEP","12 Nov 2018","45","129.91","0.00","5888.913","0.000"
"USEP","12 Nov 2018","46","115.23","0.00","5734.441","0.000"
"USEP","12 Nov 2018","47","115.91","0.00","5589.789","0.000"
"USEP","12 Nov 2018","48","106.02","0.00","5436.758","0.000"
"USEP","13 Nov 2018","1","106.40","0.00","5286.201","0.000"
"USEP","13 Nov 2018","2","108.98","0.00","5198.660","0.000"
"USEP","13 Nov 2018","3","106.12","0.00","5111.660","0.000"
"USEP","13 Nov 2018","4","100.82","0.00","5044.282","0.000"
"USEP","13 Nov 2018","5","108.99","0.00","4980.517","0.000"
"USEP","13 Nov 2018","6","106.83","0.00","4935.796","0.000"
"USEP","13 Nov 2018","7","100.85","0.00","4885.734","0.000"
"USEP","13 Nov 2018","8","103.50","0.00","4865.585","0.000"
"USEP","13 Nov 2018","9","102.75","0.00","4877.031","0.000"
"USEP","13 Nov 2018","10","101.21","0.00","4897.021","0.000"
"USEP","13 Nov 2018","11","102.61","0.00","4970.005","0.000"
"USEP","13 Nov 2018","12","102.75","0.00","5113.658","0.000"
"USEP","13 Nov 2018","13","106.34","0.00","5309.958","0.000"
"USEP","13 Nov 2018","14","108.61","0.00","5466.001","0.000"
"USEP","13 Nov 2018","15","109.99","0.00","5680.616","0.000"
"USEP","13 Nov 2018","16","121.03","0.00","5959.214","0.000"
"USEP","13 Nov 2018","17","140.36","0.00","6244.303","0.000"
"USEP","13 Nov 2018","18","220.82","0.00","6428.332","0.000"
"USEP","13 Nov 2018","19","138.33","0.00","6517.236","0.000"
"USEP","13 Nov 2018","20","140.48","0.00","6578.724","0.000"
"USEP","13 Nov 2018","21","138.35","0.00","6608.336","0.000"
"USEP","13 Nov 2018","22","132.55","0.00","6632.947","0.000"
"USEP","13 Nov 2018","23","130.99","0.00","6603.833","0.000"
"USEP","13 Nov 2018","24","124.89","0.00","6542.264","0.000"
"USEP","13 Nov 2018","25","110.42","0.00","6487.058","0.000"
"USEP","13 Nov 2018","26","110.74","0.00","6508.374","0.000"
"USEP","13 Nov 2018","27","110.72","0.00","6560.892","0.000"
"USEP","13 Nov 2018","28","110.01","0.00","6587.412","0.000"
"USEP","13 Nov 2018","29","110.13","0.00","6597.362","0.000"
"USEP","13 Nov 2018","30","110.73","0.00","6572.288","0.000"
"USEP","13 Nov 2018","31","111.37","0.00","6561.359","0.000"
"USEP","13 Nov 2018","32","111.86","0.00","6570.837","0.000"
"USEP","13 Nov 2018","33","114.65","0.00","6560.698","0.000"
"USEP","13 Nov 2018","34","114.69","0.00","6549.123","0.000"
"USEP","13 Nov 2018","35","110.53","0.00","6486.103","0.000"
"USEP","13 Nov 2018","36","110.04","0.00","6399.606","0.000"
"USEP","13 Nov 2018","37","128.17","0.00","6340.497","0.000"
"USEP","13 Nov 2018","38","128.03","0.00","6360.566","0.000"
"USEP","13 Nov 2018","39","131.26","0.00","6370.740","0.000"
"USEP","13 Nov 2018","40","130.20","0.00","6344.801","0.000"
"USEP","13 Nov 2018","41","128.03","0.00","6305.275","0.000"
"USEP","13 Nov 2018","42","125.00","0.00","6241.868","0.000"
"USEP","13 Nov 2018","43","116.72","0.00","6173.356","0.000"
"USEP","13 Nov 2018","44","127.97","0.00","6045.279","0.000"
"USEP","13 Nov 2018","45","111.15","0.00","5889.853","0.000"
"USEP","13 Nov 2018","46","121.10","0.00","5755.504","0.000"
"USEP","13 Nov 2018","47","108.26","0.00","5606.960","0.000"
"USEP","13 Nov 2018","48","104.51","0.00","5441.280","0.000"
"USEP","14 Nov 2018","1","102.93","0.00","5270.998","0.000"
"USEP","14 Nov 2018","2","102.77","0.00","5187.606","0.000"
"USEP","14 Nov 2018","3","102.77","0.00","5143.304","0.000"
"USEP","14 Nov 2018","4","102.27","0.00","5085.458","0.000"
"USEP","14 Nov 2018","5","101.65","0.00","5026.921","0.000"
"USEP","14 Nov 2018","6","99.53","0.00","4966.491","0.000"
"USEP","14 Nov 2018","7","99.33","0.00","4921.662","0.000"
"USEP","14 Nov 2018","8","99.35","0.00","4914.420","0.000"
"USEP","14 Nov 2018","9","99.37","0.00","4920.290","0.000"
"USEP","14 Nov 2018","10","99.61","0.00","4948.316","0.000"
"USEP","14 Nov 2018","11","100.71","0.00","5024.998","0.000"
"USEP","14 Nov 2018","12","102.59","0.00","5157.931","0.000"
"USEP","14 Nov 2018","13","105.18","0.00","5354.643","0.000"
"USEP","14 Nov 2018","14","108.96","0.00","5528.708","0.000"
"USEP","14 Nov 2018","15","108.64","0.00","5736.111","0.000"
"USEP","14 Nov 2018","16","122.43","0.00","6009.774","0.000"
"USEP","14 Nov 2018","17","130.03","0.00","6270.743","0.000"
"USEP","14 Nov 2018","18","130.03","0.00","6461.477","0.000"
"USEP","14 Nov 2018","19","123.38","0.00","6554.043","0.000"
"USEP","14 Nov 2018","20","127.88","0.00","6623.405","0.000"
"USEP","14 Nov 2018","21","130.02","0.00","6672.861","0.000"
"USEP","14 Nov 2018","22","130.98","0.00","6708.814","0.000"
"USEP","14 Nov 2018","23","130.93","0.00","6697.155","0.000"
"USEP","14 Nov 2018","24","127.86","0.00","6625.954","0.000"
"USEP","14 Nov 2018","25","118.76","0.00","6550.937","0.000"
"USEP","14 Nov 2018","26","122.93","0.00","6568.685","0.000"
"USEP","14 Nov 2018","27","128.00","0.00","6652.961","0.000"
"USEP","14 Nov 2018","28","130.01","0.00","6675.172","0.000"
"USEP","14 Nov 2018","29","130.00","0.00","6677.458","0.000"
"USEP","14 Nov 2018","30","127.86","0.00","6649.776","0.000"
"USEP","14 Nov 2018","31","127.83","0.00","6631.898","0.000"
"USEP","14 Nov 2018","32","127.87","0.00","6627.659","0.000"
"USEP","14 Nov 2018","33","124.77","0.00","6602.680","0.000"
"USEP","14 Nov 2018","34","124.76","0.00","6584.778","0.000"
"USEP","14 Nov 2018","35","116.14","0.00","6521.922","0.000"
"USEP","14 Nov 2018","36","112.11","0.00","6421.160","0.000"
"USEP","14 Nov 2018","37","116.11","0.00","6356.744","0.000"
"USEP","14 Nov 2018","38","127.76","0.00","6380.138","0.000"
"USEP","14 Nov 2018","39","129.83","0.00","6375.387","0.000"
"USEP","14 Nov 2018","40","127.95","0.00","6361.178","0.000"
"USEP","14 Nov 2018","41","124.76","0.00","6294.495","0.000"
"USEP","14 Nov 2018","42","127.85","0.00","6260.157","0.000"
"USEP","14 Nov 2018","43","125.65","0.00","6189.201","0.000"
"USEP","14 Nov 2018","44","127.84","0.00","6054.255","0.000"
"USEP","14 Nov 2018","45","111.09","0.00","5900.210","0.000"
"USEP","14 Nov 2018","46","109.45","0.00","5751.080","0.000"
"USEP","14 Nov 2018","47","107.58","0.00","5621.592","0.000"
"USEP","14 Nov 2018","48","105.51","0.00","5474.977","0.000"
"USEP","15 Nov 2018","1","105.53","0.00","5327.179","0.000"
"USEP","15 Nov 2018","2","103.41","0.00","5223.028","0.000"
"USEP","15 Nov 2018","3","102.91","0.00","5147.056","0.000"
"USEP","15 Nov 2018","4","102.08","0.00","5072.019","0.000"
"USEP","15 Nov 2018","5","100.73","0.00","5017.941","0.000"
"USEP","15 Nov 2018","6","100.33","0.00","4970.328","0.000"
"USEP","15 Nov 2018","7","99.98","0.00","4943.917","0.000"
"USEP","15 Nov 2018","8","99.85","0.00","4913.864","0.000"
"USEP","15 Nov 2018","9","98.86","0.00","4914.147","0.000"
"USEP","15 Nov 2018","10","99.96","0.00","4941.974","0.000"
"USEP","15 Nov 2018","11","100.74","0.00","5015.048","0.000"
"USEP","15 Nov 2018","12","102.31","0.00","5161.131","0.000"
"USEP","15 Nov 2018","13","105.80","0.00","5349.171","0.000"
"USEP","15 Nov 2018","14","109.02","0.00","5514.796","0.000"
"USEP","15 Nov 2018","15","108.88","0.00","5717.925","0.000"
"USEP","15 Nov 2018","16","122.65","0.00","6012.885","0.000"
"USEP","15 Nov 2018","17","130.03","0.00","6277.682","0.000"
"USEP","15 Nov 2018","18","133.09","0.00","6451.313","0.000"
"USEP","15 Nov 2018","19","119.91","0.00","6564.893","0.000"
"USEP","15 Nov 2018","20","120.77","0.00","6648.061","0.000"
"USEP","15 Nov 2018","21","124.11","0.00","6717.427","0.000"
"USEP","15 Nov 2018","22","124.95","0.00","6755.090","0.000"
"USEP","15 Nov 2018","23","124.16","0.00","6741.273","0.000"
"USEP","15 Nov 2018","24","120.77","0.00","6651.167","0.000"
"USEP","15 Nov 2018","25","114.17","0.00","6549.685","0.000"
"USEP","15 Nov 2018","26","113.98","0.00","6513.453","0.000"
"USEP","15 Nov 2018","27","113.98","0.00","6528.050","0.000"
"USEP","15 Nov 2018","28","114.17","0.00","6552.373","0.000"
"USEP","15 Nov 2018","29","114.17","0.00","6551.429","0.000"
"USEP","15 Nov 2018","30","113.97","0.00","6515.814","0.000"
"USEP","15 Nov 2018","31","112.15","0.00","6479.066","0.000"
"USEP","15 Nov 2018","32","112.15","0.00","6467.883","0.000"
"USEP","15 Nov 2018","33","112.04","0.00","6455.359","0.000"
"USEP","15 Nov 2018","34","110.12","0.00","6421.936","0.000"
"USEP","15 Nov 2018","35","108.75","0.00","6373.215","0.000"
"USEP","15 Nov 2018","36","108.01","0.00","6277.354","0.000"
"USEP","15 Nov 2018","37","108.09","0.00","6222.544","0.000"
"USEP","15 Nov 2018","38","109.79","0.00","6257.846","0.000"
"USEP","15 Nov 2018","39","120.66","0.00","6285.181","0.000"
"USEP","15 Nov 2018","40","117.62","0.00","6268.174","0.000"
"USEP","15 Nov 2018","41","119.84","0.00","6221.878","0.000"
"USEP","15 Nov 2018","42","119.83","0.00","6162.716","0.000"
"USEP","15 Nov 2018","43","123.10","0.00","6089.130","0.000"
"USEP","15 Nov 2018","44","117.62","0.00","5961.470","0.000"
"USEP","15 Nov 2018","45","110.08","0.00","5827.688","0.000"
"USEP","15 Nov 2018","46","108.99","0.00","5676.366","0.000"
"USEP","15 Nov 2018","47","106.20","0.00","5547.400","0.000"
"USEP","15 Nov 2018","48","102.59","0.00","5385.427","0.000"
"USEP","16 Nov 2018","1","105.65","0.00","5242.033","0.000"
"USEP","16 Nov 2018","2","102.57","0.00","5141.236","0.000"
"USEP","16 Nov 2018","3","101.24","0.00","5064.544","0.000"
"USEP","16 Nov 2018","4","100.28","0.00","4999.129","0.000"
"USEP","16 Nov 2018","5","99.96","0.00","4939.668","0.000"
"USEP","16 Nov 2018","6","98.67","0.00","4901.951","0.000"
"USEP","16 Nov 2018","7","97.51","0.00","4870.252","0.000"
"USEP","16 Nov 2018","8","97.49","0.00","4867.578","0.000"
"USEP","16 Nov 2018","9","97.50","0.00","4868.498","0.000"
"USEP","16 Nov 2018","10","98.68","0.00","4888.999","0.000"
"USEP","16 Nov 2018","11","100.14","0.00","4958.743","0.000"
"USEP","16 Nov 2018","12","101.17","0.00","5089.668","0.000"
"USEP","16 Nov 2018","13","104.06","0.00","5271.684","0.000"
"USEP","16 Nov 2018","14","105.89","0.00","5432.791","0.000"
"USEP","16 Nov 2018","15","108.98","0.00","5651.700","0.000"
"USEP","16 Nov 2018","16","119.78","0.00","5943.389","0.000"
"USEP","16 Nov 2018","17","125.02","0.00","6227.668","0.000"
"USEP","16 Nov 2018","18","122.96","0.00","6394.144","0.000"
"USEP","16 Nov 2018","19","295.01","0.00","6500.775","0.000"
"USEP","16 Nov 2018","20","256.99","0.00","6566.970","0.000"
"USEP","16 Nov 2018","21","128.20","0.00","6622.545","0.000"
"USEP","16 Nov 2018","22","124.98","0.00","6663.085","0.000"
"USEP","16 Nov 2018","23","117.27","0.00","6653.553","0.000"
"USEP","16 Nov 2018","24","114.19","0.00","6616.372","0.000"
"USEP","16 Nov 2018","25","111.19","0.00","6574.838","0.000"
"USEP","16 Nov 2018","26","111.18","0.00","6597.640","0.000"
"USEP","16 Nov 2018","27","112.27","0.00","6655.546","0.000"
"USEP","16 Nov 2018","28","113.24","0.00","6675.272","0.000"
"USEP","16 Nov 2018","29","113.03","0.00","6674.526","0.000"
"USEP","16 Nov 2018","30","111.19","0.00","6674.655","0.000"
"USEP","16 Nov 2018","31","111.18","0.00","6681.946","0.000"
"USEP","16 Nov 2018","32","111.18","0.00","6666.813","0.000"
"USEP","16 Nov 2018","33","111.18","0.00","6655.923","0.000"
"USEP","16 Nov 2018","34","111.18","0.00","6624.235","0.000"
"USEP","16 Nov 2018","35","108.19","0.00","6556.146","0.000"
"USEP","16 Nov 2018","36","106.82","0.00","6438.928","0.000"
"USEP","16 Nov 2018","37","106.20","0.00","6378.090","0.000"
"USEP","16 Nov 2018","38","108.14","0.00","6405.987","0.000"
"USEP","16 Nov 2018","39","109.26","0.00","6409.551","0.000"
"USEP","16 Nov 2018","40","111.21","0.00","6377.410","0.000"
"USEP","16 Nov 2018","41","111.22","0.00","6316.010","0.000"
"USEP","16 Nov 2018","42","116.16","0.00","6244.303","0.000"
"USEP","16 Nov 2018","43","112.26","0.00","6172.506","0.000"
"USEP","16 Nov 2018","44","109.14","0.00","6055.945","0.000"
"USEP","16 Nov 2018","45","108.14","0.00","5915.224","0.000"
"USEP","16 Nov 2018","46","107.06","0.00","5806.014","0.000"
"USEP","16 Nov 2018","47","108.06","0.00","5668.240","0.000"
"USEP","16 Nov 2018","48","106.95","0.00","5575.913","0.000"
"USEP","17 Nov 2018","1","116.02","0.00","5468.779","0.000"
"USEP","17 Nov 2018","2","113.85","0.00","5359.956","0.000"
"USEP","17 Nov 2018","3","107.82","0.00","5259.999","0.000"
"USEP","17 Nov 2018","4","105.80","0.00","5163.507","0.000"
"USEP","17 Nov 2018","5","103.00","0.00","5108.628","0.000"
"USEP","17 Nov 2018","6","101.96","0.00","5052.442","0.000"
"USEP","17 Nov 2018","7","100.95","0.00","5022.533","0.000"
"USEP","17 Nov 2018","8","99.41","0.00","4989.815","0.000"
"USEP","17 Nov 2018","9","100.83","0.00","4961.441","0.000"
"USEP","17 Nov 2018","10","99.01","0.00","4964.230","0.000"
"USEP","17 Nov 2018","11","99.41","0.00","5003.567","0.000"
"USEP","17 Nov 2018","12","101.74","0.00","5071.139","0.000"
"USEP","17 Nov 2018","13","102.73","0.00","5148.438","0.000"
"USEP","17 Nov 2018","14","105.73","0.00","5220.185","0.000"
"USEP","17 Nov 2018","15","102.88","0.00","5305.022","0.000"
"USEP","17 Nov 2018","16","105.85","0.00","5481.045","0.000"
"USEP","17 Nov 2018","17","110.79","0.00","5656.516","0.000"
"USEP","17 Nov 2018","18","115.05","0.00","5803.598","0.000"
"USEP","17 Nov 2018","19","119.15","0.00","5909.648","0.000"
"USEP","17 Nov 2018","20","119.86","0.00","5996.667","0.000"
"USEP","17 Nov 2018","21","120.92","0.00","6061.909","0.000"
"USEP","17 Nov 2018","22","121.20","0.00","6090.029","0.000"
"USEP","17 Nov 2018","23","120.92","0.00","6076.421","0.000"
"USEP","17 Nov 2018","24","119.19","0.00","6023.381","0.000"
"USEP","17 Nov 2018","25","119.00","0.00","5996.126","0.000"
"USEP","17 Nov 2018","26","118.53","0.00","5953.076","0.000"
"USEP","17 Nov 2018","27","116.66","0.00","5921.789","0.000"
"USEP","17 Nov 2018","28","116.66","0.00","5920.989","0.000"
"USEP","17 Nov 2018","29","116.67","0.00","5908.972","0.000"
"USEP","17 Nov 2018","30","116.16","0.00","5886.597","0.000"
"USEP","17 Nov 2018","31","114.51","0.00","5869.754","0.000"
"USEP","17 Nov 2018","32","114.51","0.00","5848.547","0.000"
"USEP","17 Nov 2018","33","113.96","0.00","5817.231","0.000"
"USEP","17 Nov 2018","34","113.97","0.00","5804.284","0.000"
"USEP","17 Nov 2018","35","110.49","0.00","5757.258","0.000"
"USEP","17 Nov 2018","36","110.49","0.00","5747.238","0.000"
"USEP","17 Nov 2018","37","111.59","0.00","5768.246","0.000"
"USEP","17 Nov 2018","38","116.44","0.00","5856.936","0.000"
"USEP","17 Nov 2018","39","119.13","0.00","5916.322","0.000"
"USEP","17 Nov 2018","40","119.64","0.00","5929.652","0.000"
"USEP","17 Nov 2018","41","119.89","0.00","5941.361","0.000"
"USEP","17 Nov 2018","42","119.67","0.00","5933.941","0.000"
"USEP","17 Nov 2018","43","119.13","0.00","5903.058","0.000"
"USEP","17 Nov 2018","44","114.63","0.00","5807.470","0.000"
"USEP","17 Nov 2018","45","109.05","0.00","5715.057","0.000"
"USEP","17 Nov 2018","46","106.99","0.00","5606.672","0.000"
"USEP","17 Nov 2018","47","103.82","0.00","5511.958","0.000"
"USEP","17 Nov 2018","48","105.11","0.00","5393.329","0.000"
"USEP","18 Nov 2018","1","106.82","0.00","5281.430","0.000"
"USEP","18 Nov 2018","2","104.42","0.00","5184.763","0.000"
"USEP","18 Nov 2018","3","102.63","0.00","5104.344","0.000"
"USEP","18 Nov 2018","4","101.12","0.00","5031.508","0.000"
"USEP","18 Nov 2018","5","100.76","0.00","4972.803","0.000"
"USEP","18 Nov 2018","6","98.80","0.00","4922.223","0.000"
"USEP","18 Nov 2018","7","97.03","0.00","4884.237","0.000"
"USEP","18 Nov 2018","8","96.82","0.00","4848.424","0.000"
"USEP","18 Nov 2018","9","95.86","0.00","4833.538","0.000"
"USEP","18 Nov 2018","10","95.86","0.00","4837.102","0.000"
"USEP","18 Nov 2018","11","96.82","0.00","4866.793","0.000"
"USEP","18 Nov 2018","12","97.34","0.00","4916.617","0.000"
"USEP","18 Nov 2018","13","98.90","0.00","4957.003","0.000"
"USEP","18 Nov 2018","14","99.44","0.00","4999.745","0.000"
"USEP","18 Nov 2018","15","100.57","0.00","5032.279","0.000"
"USEP","18 Nov 2018","16","101.57","0.00","5129.238","0.000"
"USEP","18 Nov 2018","17","101.87","0.00","5237.102","0.000"
"USEP","18 Nov 2018","18","102.79","0.00","5348.689","0.000"
"USEP","18 Nov 2018","19","103.70","0.00","5445.957","0.000"
"USEP","18 Nov 2018","20","103.93","0.00","5536.361","0.000"
"USEP","18 Nov 2018","21","107.30","0.00","5598.541","0.000"
"USEP","18 Nov 2018","22","105.99","0.00","5613.625","0.000"
"USEP","18 Nov 2018","23","105.99","0.00","5607.626","0.000"
"USEP","18 Nov 2018","24","103.92","0.00","5592.383","0.000"
"USEP","18 Nov 2018","25","103.46","0.00","5562.861","0.000"
"USEP","18 Nov 2018","26","103.91","0.00","5569.317","0.000"
"USEP","18 Nov 2018","27","103.91","0.00","5582.254","0.000"
"USEP","18 Nov 2018","28","103.91","0.00","5571.777","0.000"
"USEP","18 Nov 2018","29","103.92","0.00","5575.385","0.000"
"USEP","18 Nov 2018","30","103.44","0.00","5552.876","0.000"
"USEP","18 Nov 2018","31","103.43","0.00","5552.514","0.000"
"USEP","18 Nov 2018","32","103.44","0.00","5543.190","0.000"
"USEP","18 Nov 2018","33","103.42","0.00","5537.464","0.000"
"USEP","18 Nov 2018","34","103.80","0.00","5529.547","0.000"
"USEP","18 Nov 2018","35","103.10","0.00","5507.227","0.000"
"USEP","18 Nov 2018","36","103.13","0.00","5516.277","0.000"
"USEP","18 Nov 2018","37","105.99","0.00","5596.652","0.000"
"USEP","18 Nov 2018","38","107.93","0.00","5699.725","0.000"
"USEP","18 Nov 2018","39","108.16","0.00","5766.850","0.000"
"USEP","18 Nov 2018","40","113.88","0.00","5815.983","0.000"
"USEP","18 Nov 2018","41","114.07","0.00","5857.890","0.000"
"USEP","18 Nov 2018","42","115.96","0.00","5871.945","0.000"
"USEP","18 Nov 2018","43","114.07","0.00","5822.350","0.000"
"USEP","18 Nov 2018","44","108.17","0.00","5744.564","0.000"
"USEP","18 Nov 2018","45","105.38","0.00","5623.361","0.000"
"USEP","18 Nov 2018","46","103.79","0.00","5521.724","0.000"
"USEP","18 Nov 2018","47","103.96","0.00","5369.299","0.000"
"USEP","18 Nov 2018","48","102.83","0.00","5216.994","0.000"
"USEP","19 Nov 2018","1","106.86","0.00","5074.335","0.000"
"USEP","19 Nov 2018","2","102.74","0.00","4968.628","0.000"
"USEP","19 Nov 2018","3","101.65","0.00","4923.376","0.000"
"USEP","19 Nov 2018","4","94.85","0.00","4864.188","0.000"
"USEP","19 Nov 2018","5","91.62","0.00","4807.555","0.000"
"USEP","19 Nov 2018","6","91.49","0.00","4775.017","0.000"
"USEP","19 Nov 2018","7","85.57","0.00","4738.283","0.000"
"USEP","19 Nov 2018","8","91.08","0.00","4725.187","0.000"
"USEP","19 Nov 2018","9","91.08","0.00","4722.807","0.000"
"USEP","19 Nov 2018","10","91.08","0.00","4767.785","0.000"
"USEP","19 Nov 2018","11","91.51","0.00","4839.910","0.000"
"USEP","19 Nov 2018","12","96.98","0.00","5005.058","0.000"
"USEP","19 Nov 2018","13","101.90","0.00","5189.276","0.000"
"USEP","19 Nov 2018","14","105.82","0.00","5375.765","0.000"
"USEP","19 Nov 2018","15","102.93","0.00","5587.562","0.000"
"USEP","19 Nov 2018","16","107.02","0.00","5887.665","0.000"
"USEP","19 Nov 2018","17","109.47","0.00","6193.301","0.000"
"USEP","19 Nov 2018","18","118.31","0.00","6365.084","0.000"
"USEP","19 Nov 2018","19","119.64","0.00","6455.493","0.000"
"USEP","19 Nov 2018","20","119.98","0.00","6510.570","0.000"
"USEP","19 Nov 2018","21","120.14","0.00","6575.583","0.000"
"USEP","19 Nov 2018","22","121.02","0.00","6609.444","0.000"
"USEP","19 Nov 2018","23","121.35","0.00","6614.866","0.000"
"USEP","19 Nov 2018","24","119.98","0.00","6556.593","0.000"
"USEP","19 Nov 2018","25","114.24","0.00","6512.901","0.000"
"USEP","19 Nov 2018","26","116.16","0.00","6522.260","0.000"
"USEP","19 Nov 2018","27","115.14","0.00","6570.439","0.000"
"USEP","19 Nov 2018","28","119.26","0.00","6605.816","0.000"
"USEP","19 Nov 2018","29","120.00","0.00","6618.837","0.000"
"USEP","19 Nov 2018","30","119.20","0.00","6600.627","0.000"
"USEP","19 Nov 2018","31","119.26","0.00","6601.944","0.000"
"USEP","19 Nov 2018","32","115.14","0.00","6587.292","0.000"
"USEP","19 Nov 2018","33","113.64","0.00","6563.620","0.000"
"USEP","19 Nov 2018","34","110.40","0.00","6512.380","0.000"
"USEP","19 Nov 2018","35","110.33","0.00","6431.011","0.000"
"USEP","19 Nov 2018","36","120.24","0.00","6308.411","0.000"
"USEP","19 Nov 2018","37","117.99","0.00","6215.109","0.000"
"USEP","19 Nov 2018","38","110.14","0.00","6232.255","0.000"
"USEP","19 Nov 2018","39","119.65","0.00","6244.705","0.000"
"USEP","19 Nov 2018","40","119.71","0.00","6213.926","0.000"
"USEP","19 Nov 2018","41","119.92","0.00","6159.167","0.000"
"USEP","19 Nov 2018","42","116.09","0.00","6099.338","0.000"
"USEP","19 Nov 2018","43","120.97","0.00","6024.186","0.000"
"USEP","19 Nov 2018","44","116.11","0.00","5891.025","0.000"
"USEP","19 Nov 2018","45","110.26","0.00","5738.784","0.000"
"USEP","19 Nov 2018","46","108.00","0.00","5599.574","0.000"
"USEP","19 Nov 2018","47","103.93","0.00","5447.025","0.000"
"USEP","19 Nov 2018","48","100.60","0.00","5268.995","0.000"
"USEP","20 Nov 2018","1","100.81","0.00","5099.503","0.000"
"USEP","20 Nov 2018","2","98.73","0.00","4995.292","0.000"
"USEP","20 Nov 2018","3","98.90","0.00","4957.774","0.000"
"USEP","20 Nov 2018","4","98.13","0.00","4900.574","0.000"
"USEP","20 Nov 2018","5","95.58","0.00","4850.178","0.000"
"USEP","20 Nov 2018","6","94.66","0.00","4809.280","0.000"
"USEP","20 Nov 2018","7","94.15","0.00","4785.558","0.000"
"USEP","20 Nov 2018","8","93.94","0.00","4765.951","0.000"
"USEP","20 Nov 2018","9","92.67","0.00","4767.293","0.000"
"USEP","20 Nov 2018","10","94.27","0.00","4802.749","0.000"
"USEP","20 Nov 2018","11","94.96","0.00","4880.222","0.000"
"USEP","20 Nov 2018","12","99.03","0.00","5026.280","0.000"
"USEP","20 Nov 2018","13","101.42","0.00","5207.491","0.000"
"USEP","20 Nov 2018","14","106.83","0.00","5368.609","0.000"
"USEP","20 Nov 2018","15","103.61","0.00","5557.772","0.000"
"USEP","20 Nov 2018","16","111.03","0.00","5835.342","0.000"
"USEP","20 Nov 2018","17","120.25","0.00","6118.333","0.000"
"USEP","20 Nov 2018","18","119.86","0.00","6288.059","0.000"
"USEP","20 Nov 2018","19","120.79","0.00","6367.395","0.000"
"USEP","20 Nov 2018","20","120.51","0.00","6423.317","0.000"
"USEP","20 Nov 2018","21","121.85","0.00","6482.078","0.000"
"USEP","20 Nov 2018","22","122.90","0.00","6511.098","0.000"
"USEP","20 Nov 2018","23","122.91","0.00","6497.291","0.000"
"USEP","20 Nov 2018","24","120.78","0.00","6446.498","0.000"
"USEP","20 Nov 2018","25","119.93","0.00","6421.106","0.000"
"USEP","20 Nov 2018","26","120.84","0.00","6450.628","0.000"
"USEP","20 Nov 2018","27","123.05","0.00","6516.222","0.000"
"USEP","20 Nov 2018","28","124.05","0.00","6565.290","0.000"
"USEP","20 Nov 2018","29","124.44","0.00","6585.861","0.000"
"USEP","20 Nov 2018","30","125.23","0.00","6592.516","0.000"
"USEP","20 Nov 2018","31","125.23","0.00","6590.712","0.000"
"USEP","20 Nov 2018","32","124.17","0.00","6586.453","0.000"
"USEP","20 Nov 2018","33","123.46","0.00","6579.038","0.000"
"USEP","20 Nov 2018","34","122.99","0.00","6550.713","0.000"
"USEP","20 Nov 2018","35","120.96","0.00","6487.430","0.000"
"USEP","20 Nov 2018","36","116.45","0.00","6367.092","0.000"
"USEP","20 Nov 2018","37","116.21","0.00","6303.158","0.000"
"USEP","20 Nov 2018","38","120.88","0.00","6325.920","0.000"
"USEP","20 Nov 2018","39","120.84","0.00","6343.961","0.000"
"USEP","20 Nov 2018","40","120.18","0.00","6310.116","0.000"
"USEP","20 Nov 2018","41","122.72","0.00","6260.028","0.000"
"USEP","20 Nov 2018","42","119.95","0.00","6200.562","0.000"
"USEP","20 Nov 2018","43","111.57","0.00","6120.376","0.000"
"USEP","20 Nov 2018","44","108.96","0.00","5991.887","0.000"
"USEP","20 Nov 2018","45","105.07","0.00","5843.289","0.000"
"USEP","20 Nov 2018","46","103.60","0.00","5703.661","0.000"
"USEP","20 Nov 2018","47","105.01","0.00","5559.661","0.000"
"USEP","20 Nov 2018","48","103.56","0.00","5411.709","0.000"
"USEP","21 Nov 2018","1","110.85","0.00","5281.366","0.000"
"USEP","21 Nov 2018","2","110.06","0.00","5170.256","0.000"
"USEP","21 Nov 2018","3","108.92","0.00","5094.464","0.000"
"USEP","21 Nov 2018","4","104.79","0.00","5029.973","0.000"
"USEP","21 Nov 2018","5","102.90","0.00","4974.046","0.000"
"USEP","21 Nov 2018","6","101.90","0.00","4930.921","0.000"
"USEP","21 Nov 2018","7","98.71","0.00","4898.253","0.000"
"USEP","21 Nov 2018","8","98.67","0.00","4880.013","0.000"
"USEP","21 Nov 2018","9","98.67","0.00","4880.495","0.000"
"USEP","21 Nov 2018","10","99.51","0.00","4903.342","0.000"
"USEP","21 Nov 2018","11","101.79","0.00","4966.998","0.000"
"USEP","21 Nov 2018","12","106.79","0.00","5107.068","0.000"
"USEP","21 Nov 2018","13","109.98","0.00","5280.531","0.000"
"USEP","21 Nov 2018","14","106.94","0.00","5434.099","0.000"
"USEP","21 Nov 2018","15","102.77","0.00","5617.298","0.000"
"USEP","21 Nov 2018","16","109.00","0.00","5886.622","0.000"
"USEP","21 Nov 2018","17","112.36","0.00","6153.297","0.000"
"USEP","21 Nov 2018","18","109.40","0.00","6339.439","0.000"
"USEP","21 Nov 2018","19","110.58","0.00","6424.664","0.000"
"USEP","21 Nov 2018","20","112.39","0.00","6478.564","0.000"
"USEP","21 Nov 2018","21","117.78","0.00","6542.647","0.000"
"USEP","21 Nov 2018","22","113.97","0.00","6579.052","0.000"
"USEP","21 Nov 2018","23","113.79","0.00","6566.901","0.000"
"USEP","21 Nov 2018","24","111.16","0.00","6494.289","0.000"
"USEP","21 Nov 2018","25","109.14","0.00","6434.654","0.000"
"USEP","21 Nov 2018","26","109.14","0.00","6429.828","0.000"
"USEP","21 Nov 2018","27","109.46","0.00","6464.235","0.000"
"USEP","21 Nov 2018","28","110.60","0.00","6499.607","0.000"
"USEP","21 Nov 2018","29","110.60","0.00","6503.807","0.000"
"USEP","21 Nov 2018","30","108.90","0.00","6496.794","0.000"
"USEP","21 Nov 2018","31","109.43","0.00","6489.175","0.000"
"USEP","21 Nov 2018","32","108.74","0.00","6482.972","0.000"
"USEP","21 Nov 2018","33","108.39","0.00","6469.404","0.000"
"USEP","21 Nov 2018","34","108.38","0.00","6449.634","0.000"
"USEP","21 Nov 2018","35","107.30","0.00","6404.764","0.000"
"USEP","21 Nov 2018","36","107.18","0.00","6312.735","0.000"
"USEP","21 Nov 2018","37","105.24","0.00","6264.362","0.000"
"USEP","21 Nov 2018","38","106.09","0.00","6301.771","0.000"
"USEP","21 Nov 2018","39","106.18","0.00","6291.657","0.000"
"USEP","21 Nov 2018","40","104.54","0.00","6207.957","0.000"
"USEP","21 Nov 2018","41","103.41","0.00","6137.070","0.000"
"USEP","21 Nov 2018","42","106.10","0.00","6075.134","0.000"
"USEP","21 Nov 2018","43","103.21","0.00","5992.950","0.000"
"USEP","21 Nov 2018","44","101.64","0.00","5858.865","0.000"
"USEP","21 Nov 2018","45","101.02","0.00","5701.430","0.000"
"USEP","21 Nov 2018","46","100.68","0.00","5557.732","0.000"
"USEP","21 Nov 2018","47","98.90","0.00","5416.604","0.000"
"USEP","21 Nov 2018","48","97.38","0.00","5263.951","0.000"
"USEP","22 Nov 2018","1","96.41","0.00","5124.249","0.000"
"USEP","22 Nov 2018","2","94.71","0.00","5021.171","0.000"
"USEP","22 Nov 2018","3","93.61","0.00","4955.503","0.000"
"USEP","22 Nov 2018","4","90.56","0.00","4895.882","0.000"
"USEP","22 Nov 2018","5","88.63","0.00","4845.039","0.000"
"USEP","22 Nov 2018","6","80.58","0.00","4804.424","0.000"
"USEP","22 Nov 2018","7","40.97","0.00","4772.602","0.000"
"USEP","22 Nov 2018","8","40.44","0.00","4748.547","0.000"
"USEP","22 Nov 2018","9","38.41","0.00","4734.800","0.000"
"USEP","22 Nov 2018","10","40.42","0.00","4751.086","0.000"
"USEP","22 Nov 2018","11","84.61","0.00","4825.646","0.000"
"USEP","22 Nov 2018","12","92.69","0.00","4970.403","0.000"
"USEP","22 Nov 2018","13","96.00","0.00","5153.358","0.000"
"USEP","22 Nov 2018","14","96.99","0.00","5312.796","0.000"
"USEP","22 Nov 2018","15","97.66","0.00","5506.179","0.000"
"USEP","22 Nov 2018","16","101.37","0.00","5794.752","0.000"
"USEP","22 Nov 2018","17","104.38","0.00","6078.837","0.000"
"USEP","22 Nov 2018","18","105.42","0.00","6257.394","0.000"
"USEP","22 Nov 2018","19","107.20","0.00","6360.015","0.000"
"USEP","22 Nov 2018","20","110.93","0.00","6437.830","0.000"
"USEP","22 Nov 2018","21","117.81","0.00","6519.432","0.000"
"USEP","22 Nov 2018","22","117.85","0.00","6561.613","0.000"
"USEP","22 Nov 2018","23","117.85","0.00","6555.609","0.000"
"USEP","22 Nov 2018","24","114.12","0.00","6485.269","0.000"
"USEP","22 Nov 2018","25","111.22","0.00","6424.142","0.000"
"USEP","22 Nov 2018","26","113.11","0.00","6435.539","0.000"
"USEP","22 Nov 2018","27","115.27","0.00","6482.088","0.000"
"USEP","22 Nov 2018","28","113.15","0.00","6510.357","0.000"
"USEP","22 Nov 2018","29","112.43","0.00","6506.446","0.000"
"USEP","22 Nov 2018","30","111.30","0.00","6484.851","0.000"
"USEP","22 Nov 2018","31","111.29","0.00","6475.249","0.000"
"USEP","22 Nov 2018","32","110.60","0.00","6477.446","0.000"
"USEP","22 Nov 2018","33","110.06","0.00","6464.892","0.000"
"USEP","22 Nov 2018","34","107.99","0.00","6434.162","0.000"
"USEP","22 Nov 2018","35","105.15","0.00","6372.807","0.000"
"USEP","22 Nov 2018","36","106.68","0.00","6274.019","0.000"
"USEP","22 Nov 2018","37","106.09","0.00","6219.771","0.000"
"USEP","22 Nov 2018","38","110.30","0.00","6256.032","0.000"
"USEP","22 Nov 2018","39","112.38","0.00","6288.322","0.000"
"USEP","22 Nov 2018","40","112.38","0.00","6275.276","0.000"
"USEP","22 Nov 2018","41","110.09","0.00","6221.287","0.000"
"USEP","22 Nov 2018","42","106.10","0.00","6152.383","0.000"
"USEP","22 Nov 2018","43","103.97","0.00","6067.953","0.000"
"USEP","22 Nov 2018","44","103.01","0.00","5930.433","0.000"
"USEP","22 Nov 2018","45","101.64","0.00","5777.004","0.000"
"USEP","22 Nov 2018","46","99.37","0.00","5638.559","0.000"
"USEP","22 Nov 2018","47","100.49","0.00","5499.027","0.000"
"USEP","22 Nov 2018","48","98.40","0.00","5379.210","0.000"
"USEP","23 Nov 2018","1","100.88","0.00","5270.153","0.000"
"USEP","23 Nov 2018","2","100.79","0.00","5160.853","0.000"
"USEP","23 Nov 2018","3","97.04","0.00","5047.935","0.000"
"USEP","23 Nov 2018","4","95.80","0.00","4979.721","0.000"
"USEP","23 Nov 2018","5","94.57","0.00","4927.516","0.000"
"USEP","23 Nov 2018","6","93.61","0.00","4888.701","0.000"
"USEP","23 Nov 2018","7","92.76","0.00","4854.209","0.000"
"USEP","23 Nov 2018","8","92.66","0.00","4833.424","0.000"
"USEP","23 Nov 2018","9","92.66","0.00","4836.058","0.000"
"USEP","23 Nov 2018","10","93.59","0.00","4861.425","0.000"
"USEP","23 Nov 2018","11","95.51","0.00","4933.321","0.000"
"USEP","23 Nov 2018","12","95.93","0.00","5069.186","0.000"
"USEP","23 Nov 2018","13","100.73","0.00","5249.135","0.000"
"USEP","23 Nov 2018","14","100.89","0.00","5403.041","0.000"
"USEP","23 Nov 2018","15","100.69","0.00","5588.159","0.000"
"USEP","23 Nov 2018","16","104.88","0.00","5870.246","0.000"
"USEP","23 Nov 2018","17","113.92","0.00","6148.775","0.000"
"USEP","23 Nov 2018","18","113.88","0.00","6329.673","0.000"
"USEP","23 Nov 2018","19","111.28","0.00","6426.478","0.000"
"USEP","23 Nov 2018","20","112.69","0.00","6494.672","0.000"
"USEP","23 Nov 2018","21","114.80","0.00","6566.732","0.000"
"USEP","23 Nov 2018","22","117.85","0.00","6610.488","0.000"
"USEP","23 Nov 2018","23","117.85","0.00","6610.254","0.000"
"USEP","23 Nov 2018","24","114.06","0.00","6549.705","0.000"
"USEP","23 Nov 2018","25","112.72","0.00","6497.768","0.000"
"USEP","23 Nov 2018","26","112.70","0.00","6500.432","0.000"
"USEP","23 Nov 2018","27","116.63","0.00","6554.456","0.000"
"USEP","23 Nov 2018","28","117.83","0.00","6595.106","0.000"
"USEP","23 Nov 2018","29","116.67","0.00","6605.746","0.000"
"USEP","23 Nov 2018","30","115.38","0.00","6595.349","0.000"
"USEP","23 Nov 2018","31","114.07","0.00","6578.809","0.000"
"USEP","23 Nov 2018","32","114.03","0.00","6565.648","0.000"
"USEP","23 Nov 2018","33","112.66","0.00","6539.715","0.000"
"USEP","23 Nov 2018","34","108.81","0.00","6484.448","0.000"
"USEP","23 Nov 2018","35","109.21","0.00","6402.598","0.000"
"USEP","23 Nov 2018","36","105.20","0.00","6291.483","0.000"
"USEP","23 Nov 2018","37","109.43","0.00","6223.941","0.000"
"USEP","23 Nov 2018","38","110.11","0.00","6247.032","0.000"
"USEP","23 Nov 2018","39","110.24","0.00","6248.264","0.000"
"USEP","23 Nov 2018","40","110.03","0.00","6203.067","0.000"
"USEP","23 Nov 2018","41","106.21","0.00","6136.384","0.000"
"USEP","23 Nov 2018","42","103.99","0.00","6074.269","0.000"
"USEP","23 Nov 2018","43","103.48","0.00","5998.218","0.000"
"USEP","23 Nov 2018","44","101.76","0.00","5883.804","0.000"
"USEP","23 Nov 2018","45","101.02","0.00","5759.698","0.000"
"USEP","23 Nov 2018","46","102.63","0.00","5649.980","0.000"
"USEP","23 Nov 2018","47","101.66","0.00","5528.593","0.000"
"USEP","23 Nov 2018","48","100.94","0.00","5447.055","0.000"
"USEP","24 Nov 2018","1","102.91","0.00","5345.429","0.000"
"USEP","24 Nov 2018","2","101.90","0.00","5253.553","0.000"
"USEP","24 Nov 2018","3","99.85","0.00","5151.355","0.000"
"USEP","24 Nov 2018","4","98.83","0.00","5072.014","0.000"
"USEP","24 Nov 2018","5","97.86","0.00","5003.821","0.000"
"USEP","24 Nov 2018","6","96.95","0.00","4950.771","0.000"
"USEP","24 Nov 2018","7","95.68","0.00","4909.898","0.000"
"USEP","24 Nov 2018","8","95.67","0.00","4884.894","0.000"
"USEP","24 Nov 2018","9","95.68","0.00","4869.859","0.000"
"USEP","24 Nov 2018","10","95.66","0.00","4874.432","0.000"
"USEP","24 Nov 2018","11","95.93","0.00","4915.752","0.000"
"USEP","24 Nov 2018","12","97.74","0.00","4984.100","0.000"
"USEP","24 Nov 2018","13","98.70","0.00","5057.914","0.000"
"USEP","24 Nov 2018","14","99.84","0.00","5143.443","0.000"
"USEP","24 Nov 2018","15","100.44","0.00","5230.577","0.000"
"USEP","24 Nov 2018","16","101.84","0.00","5404.353","0.000"
"USEP","24 Nov 2018","17","107.76","0.00","5619.345","0.000"
"USEP","24 Nov 2018","18","104.23","0.00","5778.708","0.000"
"USEP","24 Nov 2018","19","108.69","0.00","5867.835","0.000"
"USEP","24 Nov 2018","20","110.86","0.00","5966.584","0.000"
"USEP","24 Nov 2018","21","114.19","0.00","6032.974","0.000"
"USEP","24 Nov 2018","22","114.88","0.00","6051.154","0.000"
"USEP","24 Nov 2018","23","113.67","0.00","6032.755","0.000"
"USEP","24 Nov 2018","24","113.46","0.00","5992.046","0.000"
"USEP","24 Nov 2018","25","112.16","0.00","5945.427","0.000"
"USEP","24 Nov 2018","26","105.08","0.00","5917.868","0.000"
"USEP","24 Nov 2018","27","105.25","0.00","5903.977","0.000"
"USEP","24 Nov 2018","28","105.08","0.00","5909.996","0.000"
"USEP","24 Nov 2018","29","106.97","0.00","5897.447","0.000"
"USEP","24 Nov 2018","30","105.00","0.00","5874.833","0.000"
"USEP","24 Nov 2018","31","105.13","0.00","5876.389","0.000"
"USEP","24 Nov 2018","32","105.12","0.00","5865.674","0.000"
"USEP","24 Nov 2018","33","104.92","0.00","5847.458","0.000"
"USEP","24 Nov 2018","34","104.73","0.00","5835.988","0.000"
"USEP","24 Nov 2018","35","104.62","0.00","5804.632","0.000"
"USEP","24 Nov 2018","36","104.51","0.00","5798.126","0.000"
"USEP","24 Nov 2018","37","104.39","0.00","5837.499","0.000"
"USEP","24 Nov 2018","38","110.85","0.00","5914.216","0.000"
"USEP","24 Nov 2018","39","112.19","0.00","5944.185","0.000"
"USEP","24 Nov 2018","40","113.72","0.00","5950.472","0.000"
"USEP","24 Nov 2018","41","113.07","0.00","5943.693","0.000"
"USEP","24 Nov 2018","42","114.36","0.00","5942.525","0.000"
"USEP","24 Nov 2018","43","108.58","0.00","5876.702","0.000"
"USEP","24 Nov 2018","44","127.64","0.00","5803.673","0.000"
"USEP","24 Nov 2018","45","120.00","0.00","5719.690","0.000"
"USEP","24 Nov 2018","46","107.42","0.00","5619.678","0.000"
"USEP","24 Nov 2018","47","104.05","0.00","5528.375","0.000"
"USEP","24 Nov 2018","48","120.01","0.00","5421.460","0.000"
"USEP","25 Nov 2018","1","106.41","0.00","5309.337","0.000"
"USEP","25 Nov 2018","2","104.55","0.00","5211.741","0.000"
"USEP","25 Nov 2018","3","103.05","0.00","5138.488","0.000"
"USEP","25 Nov 2018","4","101.74","0.00","5053.471","0.000"
"USEP","25 Nov 2018","5","100.87","0.00","4991.580","0.000"
"USEP","25 Nov 2018","6","99.83","0.00","4932.680","0.000"
"USEP","25 Nov 2018","7","99.62","0.00","4909.058","0.000"
"USEP","25 Nov 2018","8","99.61","0.00","4883.050","0.000"
"USEP","25 Nov 2018","9","98.82","0.00","4854.860","0.000"
"USEP","25 Nov 2018","10","98.83","0.00","4854.134","0.000"
"USEP","25 Nov 2018","11","99.62","0.00","4878.905","0.000"
"USEP","25 Nov 2018","12","99.62","0.00","4934.569","0.000"
"USEP","25 Nov 2018","13","99.78","0.00","4964.140","0.000"
"USEP","25 Nov 2018","14","99.85","0.00","5002.951","0.000"
"USEP","25 Nov 2018","15","99.85","0.00","5031.066","0.000"
"USEP","25 Nov 2018","16","99.86","0.00","5092.148","0.000"
"USEP","25 Nov 2018","17","100.89","0.00","5227.585","0.000"
"USEP","25 Nov 2018","18","100.95","0.00","5347.467","0.000"
"USEP","25 Nov 2018","19","101.87","0.00","5442.935","0.000"
"USEP","25 Nov 2018","20","103.00","0.00","5538.319","0.000"
"USEP","25 Nov 2018","21","104.51","0.00","5599.774","0.000"
"USEP","25 Nov 2018","22","104.51","0.00","5650.651","0.000"
"USEP","25 Nov 2018","23","104.52","0.00","5647.113","0.000"
"USEP","25 Nov 2018","24","105.27","0.00","5638.390","0.000"
"USEP","25 Nov 2018","25","105.24","0.00","5629.852","0.000"
"USEP","25 Nov 2018","26","105.27","0.00","5630.424","0.000"
"USEP","25 Nov 2018","27","105.49","0.00","5652.644","0.000"
"USEP","25 Nov 2018","28","106.02","0.00","5652.774","0.000"
"USEP","25 Nov 2018","29","107.13","0.00","5649.066","0.000"
"USEP","25 Nov 2018","30","105.77","0.00","5632.079","0.000"
"USEP","25 Nov 2018","31","105.70","0.00","5623.152","0.000"
"USEP","25 Nov 2018","32","105.52","0.00","5621.915","0.000"
"USEP","25 Nov 2018","33","105.59","0.00","5643.177","0.000"
"USEP","25 Nov 2018","34","105.59","0.00","5651.834","0.000"
"USEP","25 Nov 2018","35","105.46","0.00","5631.025","0.000"
"USEP","25 Nov 2018","36","105.71","0.00","5620.702","0.000"
"USEP","25 Nov 2018","37","107.45","0.00","5679.174","0.000"
"USEP","25 Nov 2018","38","115.88","0.00","5770.906","0.000"
"USEP","25 Nov 2018","39","124.60","0.00","5854.864","0.000"
"USEP","25 Nov 2018","40","127.65","0.00","5895.752","0.000"
"USEP","25 Nov 2018","41","129.69","0.00","5939.180","0.000"
"USEP","25 Nov 2018","42","129.76","0.00","5943.618","0.000"
"USEP","25 Nov 2018","43","129.69","0.00","5902.978","0.000"
"USEP","25 Nov 2018","44","121.34","0.00","5820.143","0.000"
"USEP","25 Nov 2018","45","110.97","0.00","5693.219","0.000"
"USEP","25 Nov 2018","46","105.35","0.00","5587.070","0.000"
"USEP","25 Nov 2018","47","108.63","0.00","5470.231","0.000"
"USEP","25 Nov 2018","48","103.03","0.00","5347.039","0.000"
"USEP","26 Nov 2018","1","109.07","0.00","5208.262","0.000"
"USEP","26 Nov 2018","2","104.23","0.00","5113.742","0.000"
"USEP","26 Nov 2018","3","102.62","0.00","5035.301","0.000"
"USEP","26 Nov 2018","4","102.02","0.00","4974.393","0.000"
"USEP","26 Nov 2018","5","100.86","0.00","4911.861","0.000"
"USEP","26 Nov 2018","6","99.84","0.00","4867.946","0.000"
"USEP","26 Nov 2018","7","99.55","0.00","4847.107","0.000"
"USEP","26 Nov 2018","8","99.05","0.00","4839.269","0.000"
"USEP","26 Nov 2018","9","99.14","0.00","4830.865","0.000"
"USEP","26 Nov 2018","10","98.71","0.00","4843.822","0.000"
"USEP","26 Nov 2018","11","99.11","0.00","4893.964","0.000"
"USEP","26 Nov 2018","12","99.61","0.00","5030.714","0.000"
"USEP","26 Nov 2018","13","103.04","0.00","5229.494","0.000"
"USEP","26 Nov 2018","14","106.43","0.00","5405.427","0.000"
"USEP","26 Nov 2018","15","101.92","0.00","5608.431","0.000"
"USEP","26 Nov 2018","16","104.02","0.00","5913.112","0.000"
"USEP","26 Nov 2018","17","119.44","0.00","6197.148","0.000"
"USEP","26 Nov 2018","18","124.75","0.00","6393.443","0.000"
"USEP","26 Nov 2018","19","123.54","0.00","6502.301","0.000"
"USEP","26 Nov 2018","20","123.67","0.00","6571.970","0.000"
"USEP","26 Nov 2018","21","129.16","0.00","6654.666","0.000"
"USEP","26 Nov 2018","22","124.31","0.00","6691.205","0.000"
"USEP","26 Nov 2018","23","123.22","0.00","6698.824","0.000"
"USEP","26 Nov 2018","24","120.13","0.00","6650.929","0.000"
"USEP","26 Nov 2018","25","122.00","0.00","6603.256","0.000"
"USEP","26 Nov 2018","26","122.97","0.00","6609.807","0.000"
"USEP","26 Nov 2018","27","124.96","0.00","6676.574","0.000"
"USEP","26 Nov 2018","28","124.96","0.00","6683.740","0.000"
"USEP","26 Nov 2018","29","124.96","0.00","6689.203","0.000"
"USEP","26 Nov 2018","30","124.93","0.00","6678.154","0.000"
"USEP","26 Nov 2018","31","124.93","0.00","6682.046","0.000"
"USEP","26 Nov 2018","32","124.96","0.00","6685.361","0.000"
"USEP","26 Nov 2018","33","124.93","0.00","6677.742","0.000"
"USEP","26 Nov 2018","34","123.73","0.00","6657.921","0.000"
"USEP","26 Nov 2018","35","117.82","0.00","6574.878","0.000"
"USEP","26 Nov 2018","36","123.47","0.00","6475.378","0.000"
"USEP","26 Nov 2018","37","123.49","0.00","6431.309","0.000"
"USEP","26 Nov 2018","38","123.80","0.00","6453.679","0.000"
"USEP","26 Nov 2018","39","124.12","0.00","6455.687","0.000"
"USEP","26 Nov 2018","40","124.79","0.00","6425.450","0.000"
"USEP","26 Nov 2018","41","123.89","0.00","6369.065","0.000"
"USEP","26 Nov 2018","42","129.11","0.00","6294.858","0.000"
"USEP","26 Nov 2018","43","123.26","0.00","6203.529","0.000"
"USEP","26 Nov 2018","44","115.58","0.00","6063.554","0.000"
"USEP","26 Nov 2018","45","109.80","0.00","5906.905","0.000"
"USEP","26 Nov 2018","46","108.97","0.00","5780.955","0.000"
"USEP","26 Nov 2018","47","112.72","0.00","5634.832","0.000"
"USEP","26 Nov 2018","48","102.97","0.00","5482.298","0.000"
"USEP","27 Nov 2018","1","109.36","0.00","5337.536","0.000"
"USEP","27 Nov 2018","2","106.02","0.00","5235.537","0.000"
"USEP","27 Nov 2018","3","106.41","0.00","5177.085","0.000"
"USEP","27 Nov 2018","4","103.01","0.00","5098.405","0.000"
"USEP","27 Nov 2018","5","101.09","0.00","5058.188","0.000"
"USEP","27 Nov 2018","6","99.59","0.00","5005.034","0.000"
"USEP","27 Nov 2018","7","98.62","0.00","4979.105","0.000"
"USEP","27 Nov 2018","8","95.79","0.00","4965.005","0.000"
"USEP","27 Nov 2018","9","95.78","0.00","4961.024","0.000"
"USEP","27 Nov 2018","10","97.07","0.00","4996.590","0.000"
"USEP","27 Nov 2018","11","99.43","0.00","5064.698","0.000"
"USEP","27 Nov 2018","12","104.05","0.00","5200.126","0.000"
"USEP","27 Nov 2018","13","101.94","0.00","5360.379","0.000"
"USEP","27 Nov 2018","14","104.11","0.00","5501.706","0.000"
"USEP","27 Nov 2018","15","103.14","0.00","5679.085","0.000"
"USEP","27 Nov 2018","16","108.84","0.00","5957.042","0.000"
"USEP","27 Nov 2018","17","116.11","0.00","6238.617","0.000"
"USEP","27 Nov 2018","18","120.78","0.00","6413.581","0.000"
"USEP","27 Nov 2018","19","123.82","0.00","6498.300","0.000"
"USEP","27 Nov 2018","20","123.76","0.00","6551.663","0.000"
"USEP","27 Nov 2018","21","129.11","0.00","6601.611","0.000"
"USEP","27 Nov 2018","22","129.42","0.00","6623.161","0.000"
"USEP","27 Nov 2018","23","129.11","0.00","6620.105","0.000"
"USEP","27 Nov 2018","24","124.00","0.00","6545.505","0.000"
"USEP","27 Nov 2018","25","122.95","0.00","6514.870","0.000"
"USEP","27 Nov 2018","26","123.70","0.00","6523.453","0.000"
"USEP","27 Nov 2018","27","124.83","0.00","6579.823","0.000"
"USEP","27 Nov 2018","28","125.04","0.00","6584.793","0.000"
"USEP","27 Nov 2018","29","124.82","0.00","6575.131","0.000"
"USEP","27 Nov 2018","30","124.89","0.00","6577.686","0.000"
"USEP","27 Nov 2018","31","124.88","0.00","6579.107","0.000"
"USEP","27 Nov 2018","32","124.76","0.00","6569.629","0.000"
"USEP","27 Nov 2018","33","123.88","0.00","6548.015","0.000"
"USEP","27 Nov 2018","34","121.19","0.00","6516.908","0.000"
"USEP","27 Nov 2018","35","119.17","0.00","6453.639","0.000"
"USEP","27 Nov 2018","36","114.59","0.00","6330.026","0.000"
"USEP","27 Nov 2018","37","115.19","0.00","6285.778","0.000"
"USEP","27 Nov 2018","38","117.92","0.00","6298.625","0.000"
"USEP","27 Nov 2018","39","118.68","0.00","6324.593","0.000"
"USEP","27 Nov 2018","40","124.00","0.00","6305.742","0.000"
"USEP","27 Nov 2018","41","120.04","0.00","6238.761","0.000"
"USEP","27 Nov 2018","42","118.68","0.00","6195.950","0.000"
"USEP","27 Nov 2018","43","114.61","0.00","6112.588","0.000"
"USEP","27 Nov 2018","44","108.83","0.00","5989.774","0.000"
"USEP","27 Nov 2018","45","106.38","0.00","5842.816","0.000"
"USEP","27 Nov 2018","46","103.47","0.00","5683.115","0.000"
"USEP","27 Nov 2018","47","102.95","0.00","5544.532","0.000"
"USEP","27 Nov 2018","48","100.93","0.00","5377.962","0.000"
"USEP","28 Nov 2018","1","104.39","0.00","5240.080","0.000"
"USEP","28 Nov 2018","2","102.65","0.00","5151.574","0.000"
"USEP","28 Nov 2018","3","101.73","0.00","5064.251","0.000"
"USEP","28 Nov 2018","4","100.61","0.00","4994.532","0.000"
"USEP","28 Nov 2018","5","96.88","0.00","4934.117","0.000"
"USEP","28 Nov 2018","6","95.95","0.00","4899.177","0.000"
"USEP","28 Nov 2018","7","95.82","0.00","4872.479","0.000"
"USEP","28 Nov 2018","8","95.88","0.00","4882.697","0.000"
"USEP","28 Nov 2018","9","95.76","0.00","4860.834","0.000"
"USEP","28 Nov 2018","10","95.77","0.00","4878.378","0.000"
"USEP","28 Nov 2018","11","97.98","0.00","4955.587","0.000"
"USEP","28 Nov 2018","12","101.71","0.00","5096.054","0.000"
"USEP","28 Nov 2018","13","101.91","0.00","5283.199","0.000"
"USEP","28 Nov 2018","14","103.04","0.00","5442.324","0.000"
"USEP","28 Nov 2018","15","102.07","0.00","5640.200","0.000"
"USEP","28 Nov 2018","16","105.01","0.00","5906.840","0.000"
"USEP","28 Nov 2018","17","112.94","0.00","6189.414","0.000"
"USEP","28 Nov 2018","18","118.67","0.00","6390.655","0.000"
"USEP","28 Nov 2018","19","118.77","0.00","6489.056","0.000"
"USEP","28 Nov 2018","20","120.12","0.00","6572.885","0.000"
"USEP","28 Nov 2018","21","118.77","0.00","6625.557","0.000"
"USEP","28 Nov 2018","22","120.08","0.00","6671.494","0.000"
"USEP","28 Nov 2018","23","120.82","0.00","6681.121","0.000"
"USEP","28 Nov 2018","24","118.60","0.00","6615.348","0.000"
"USEP","28 Nov 2018","25","114.77","0.00","6583.694","0.000"
"USEP","28 Nov 2018","26","116.86","0.00","6584.579","0.000"
"USEP","28 Nov 2018","27","118.85","0.00","6665.356","0.000"
"USEP","28 Nov 2018","28","120.72","0.00","6695.137","0.000"
"USEP","28 Nov 2018","29","120.89","0.00","6715.161","0.000"
"USEP","28 Nov 2018","30","118.83","0.00","6684.337","0.000"
"USEP","28 Nov 2018","31","118.82","0.00","6671.435","0.000"
"USEP","28 Nov 2018","32","129.10","0.00","6619.712","0.000"
"USEP","28 Nov 2018","33","124.91","0.00","6579.828","0.000"
"USEP","28 Nov 2018","34","124.26","0.00","6551.792","0.000"
"USEP","28 Nov 2018","35","120.74","0.00","6497.525","0.000"
"USEP","28 Nov 2018","36","118.67","0.00","6407.622","0.000"
"USEP","28 Nov 2018","37","115.72","0.00","6334.528","0.000"
"USEP","28 Nov 2018","38","119.60","0.00","6365.521","0.000"
"USEP","28 Nov 2018","39","130.95","0.00","6374.741","0.000"
"USEP","28 Nov 2018","40","129.01","0.00","6353.732","0.000"
"USEP","28 Nov 2018","41","124.51","0.00","6294.922","0.000"
"USEP","28 Nov 2018","42","118.87","0.00","6240.849","0.000"
"USEP","28 Nov 2018","43","117.90","0.00","6169.842","0.000"
"USEP","28 Nov 2018","44","111.15","0.00","6017.065","0.000"
"USEP","28 Nov 2018","45","110.26","0.00","5863.770","0.000"
"USEP","28 Nov 2018","46","107.21","0.00","5722.329","0.000"
"USEP","28 Nov 2018","47","110.26","0.00","5577.374","0.000"
"USEP","28 Nov 2018","48","103.20","0.00","5444.466","0.000"
"USEP","29 Nov 2018","1","106.60","0.00","5318.596","0.000"
"USEP","29 Nov 2018","2","105.20","0.00","5217.675","0.000"
"USEP","29 Nov 2018","3","102.52","0.00","5127.917","0.000"
"USEP","29 Nov 2018","4","100.87","0.00","5055.718","0.000"
"USEP","29 Nov 2018","5","99.33","0.00","5003.269","0.000"
"USEP","29 Nov 2018","6","98.70","0.00","4957.933","0.000"
"USEP","29 Nov 2018","7","97.03","0.00","4916.085","0.000"
"USEP","29 Nov 2018","8","96.18","0.00","4904.093","0.000"
"USEP","29 Nov 2018","9","96.27","0.00","4896.593","0.000"
"USEP","29 Nov 2018","10","97.68","0.00","4936.950","0.000"
"USEP","29 Nov 2018","11","99.02","0.00","5002.295","0.000"
"USEP","29 Nov 2018","12","102.21","0.00","5161.956","0.000"
"USEP","29 Nov 2018","13","102.14","0.00","5334.659","0.000"
"USEP","29 Nov 2018","14","105.06","0.00","5504.484","0.000"
"USEP","29 Nov 2018","15","103.46","0.00","5693.861","0.000"
"USEP","29 Nov 2018","16","110.68","0.00","5960.412","0.000"
"USEP","29 Nov 2018","17","119.88","0.00","6244.228","0.000"
"USEP","29 Nov 2018","18","127.43","0.00","6421.175","0.000"
"USEP","29 Nov 2018","19","143.18","0.00","6538.532","0.000"
"USEP","29 Nov 2018","20","144.38","0.00","6601.586","0.000"
"USEP","29 Nov 2018","21","264.29","0.00","6662.976","0.000"
"USEP","29 Nov 2018","22","270.37","0.00","6712.661","0.000"
"USEP","29 Nov 2018","23","129.09","0.00","6699.903","0.000"
"USEP","29 Nov 2018","24","124.87","0.00","6630.984","0.000"
"USEP","29 Nov 2018","25","124.58","0.00","6573.908","0.000"
"USEP","29 Nov 2018","26","124.88","0.00","6581.816","0.000"
"USEP","29 Nov 2018","27","124.89","0.00","6635.884","0.000"
"USEP","29 Nov 2018","28","125.02","0.00","6653.130","0.000"
"USEP","29 Nov 2018","29","124.89","0.00","6648.185","0.000"
"USEP","29 Nov 2018","30","123.90","0.00","6597.640","0.000"
"USEP","29 Nov 2018","31","122.10","0.00","6558.402","0.000"
"USEP","29 Nov 2018","32","120.89","0.00","6557.930","0.000"
"USEP","29 Nov 2018","33","119.92","0.00","6517.265","0.000"
"USEP","29 Nov 2018","34","119.93","0.00","6503.006","0.000"
"USEP","29 Nov 2018","35","116.00","0.00","6437.676","0.000"
"USEP","29 Nov 2018","36","113.88","0.00","6350.447","0.000"
"USEP","29 Nov 2018","37","112.53","0.00","6287.930","0.000"
"USEP","29 Nov 2018","38","114.99","0.00","6326.939","0.000"
"USEP","29 Nov 2018","39","118.72","0.00","6343.648","0.000"
"USEP","29 Nov 2018","40","120.79","0.00","6330.890","0.000"
"USEP","29 Nov 2018","41","122.88","0.00","6290.643","0.000"
"USEP","29 Nov 2018","42","119.28","0.00","6233.280","0.000"
"USEP","29 Nov 2018","43","118.72","0.00","6165.817","0.000"
"USEP","29 Nov 2018","44","111.86","0.00","6028.436","0.000"
"USEP","29 Nov 2018","45","111.85","0.00","5888.565","0.000"
"USEP","29 Nov 2018","46","111.07","0.00","5739.331","0.000"
"USEP","29 Nov 2018","47","111.76","0.00","5605.618","0.000"
"USEP","29 Nov 2018","48","103.22","0.00","5467.875","0.000"
"USEP","30 Nov 2018","1","109.37","0.00","5350.722","0.000"
"USEP","30 Nov 2018","2","105.35","0.00","5247.664","0.000"
"USEP","30 Nov 2018","3","103.09","0.00","5138.831","0.000"
"USEP","30 Nov 2018","4","101.22","0.00","5081.040","0.000"
"USEP","30 Nov 2018","5","99.80","0.00","5025.266","0.000"
"USEP","30 Nov 2018","6","98.52","0.00","4977.828","0.000"
"USEP","30 Nov 2018","7","97.08","0.00","4935.130","0.000"
"USEP","30 Nov 2018","8","96.94","0.00","4918.481","0.000"
"USEP","30 Nov 2018","9","97.02","0.00","4924.311","0.000"
"USEP","30 Nov 2018","10","97.14","0.00","4938.724","0.000"
"USEP","30 Nov 2018","11","99.63","0.00","5017.036","0.000"
"USEP","30 Nov 2018","12","101.80","0.00","5154.770","0.000"
"USEP","30 Nov 2018","13","101.75","0.00","5333.158","0.000"
"USEP","30 Nov 2018","14","104.54","0.00","5497.854","0.000"
"USEP","30 Nov 2018","15","104.61","0.00","5679.303","0.000"
"USEP","30 Nov 2018","16","111.34","0.00","5959.915","0.000"
"USEP","30 Nov 2018","17","119.64","0.00","6225.859","0.000"
"USEP","30 Nov 2018","18","125.04","0.00","6405.182","0.000"
"USEP","30 Nov 2018","19","125.03","0.00","6501.843","0.000"
"USEP","30 Nov 2018","20","125.00","0.00","6555.669","0.000"
"USEP","30 Nov 2018","21","124.87","0.00","6606.561","0.000"
"USEP","30 Nov 2018","22","124.50","0.00","6605.637","0.000"
"USEP","30 Nov 2018","23","123.99","0.00","6592.322","0.000"
"USEP","30 Nov 2018","24","119.21","0.00","6513.210","0.000"
"USEP","30 Nov 2018","25","118.63","0.00","6461.417","0.000"
"USEP","30 Nov 2018","26","118.73","0.00","6492.331","0.000"
"USEP","30 Nov 2018","27","120.87","0.00","6543.939","0.000"
"USEP","30 Nov 2018","28","123.88","0.00","6585.633","0.000"
"USEP","30 Nov 2018","29","123.90","0.00","6590.816","0.000"
"USEP","30 Nov 2018","30","120.87","0.00","6559.466","0.000"
"USEP","30 Nov 2018","31","120.89","0.00","6558.392","0.000"
"USEP","30 Nov 2018","32","120.87","0.00","6553.308","0.000"
"USEP","30 Nov 2018","33","120.00","0.00","6536.648","0.000"
"USEP","30 Nov 2018","34","119.13","0.00","6517.956","0.000"
"USEP","30 Nov 2018","35","118.59","0.00","6443.555","0.000"
"USEP","30 Nov 2018","36","114.01","0.00","6348.270","0.000"
"USEP","30 Nov 2018","37","114.51","0.00","6294.659","0.000"
"USEP","30 Nov 2018","38","114.60","0.00","6302.750","0.000"
"USEP","30 Nov 2018","39","118.65","0.00","6321.885","0.000"
"USEP","30 Nov 2018","40","119.22","0.00","6284.645","0.000"
"USEP","30 Nov 2018","41","119.60","0.00","6229.219","0.000"
"USEP","30 Nov 2018","42","118.47","0.00","6169.773","0.000"
"USEP","30 Nov 2018","43","120.70","0.00","6086.212","0.000"
"USEP","30 Nov 2018","44","124.66","0.00","5960.263","0.000"
"USEP","30 Nov 2018","45","121.91","0.00","5835.719","0.000"
"USEP","30 Nov 2018","46","115.99","0.00","5707.444","0.000"
"USEP","30 Nov 2018","47","111.52","0.00","5584.396","0.000"
"USEP","30 Nov 2018","48","105.93","0.00","5479.564","0.000"
